timestamp,class_name,confidence,x1,y1,x2,y2
2025-09-11 16:07:27,person,0.8986667394638062,2,0,637,478
2025-09-11 16:07:27,person,0.9078707098960876,1,1,637,479
2025-09-11 16:07:27,person,0.9297109246253967,1,0,634,479
2025-09-11 16:07:27,person,0.9320851564407349,3,0,633,479
2025-09-11 16:07:27,person,0.9204856753349304,2,0,628,479
2025-09-11 16:07:28,person,0.9357064962387085,2,0,633,479
2025-09-11 16:07:28,person,0.9460310935974121,0,0,629,479
2025-09-11 16:07:28,person,0.9222216010093689,5,1,635,479
2025-09-11 16:07:28,person,0.929536759853363,0,0,631,478
2025-09-11 16:07:28,person,0.9169870018959045,0,0,631,478
2025-09-11 16:07:28,person,0.9389748573303223,8,0,634,479
2025-09-11 16:07:28,person,0.92271888256073,4,0,634,479
2025-09-11 16:07:28,person,0.9348491430282593,4,0,633,479
2025-09-11 16:07:29,person,0.9400750994682312,4,0,635,479
2025-09-11 16:07:29,person,0.9473513960838318,0,0,629,478
2025-09-11 16:07:29,person,0.9300161600112915,3,0,633,479
2025-09-11 16:07:29,person,0.9383312463760376,0,0,629,479
2025-09-11 16:07:29,person,0.9290995001792908,0,0,630,478
2025-09-11 16:07:29,person,0.9362406730651855,2,0,631,479
2025-09-11 16:07:29,person,0.9388899207115173,1,0,632,479
2025-09-11 16:07:29,person,0.9401958584785461,2,0,631,479
2025-09-11 16:07:29,person,0.9415531754493713,2,0,632,479
2025-09-11 16:07:30,person,0.9334444999694824,2,0,634,479
2025-09-11 16:07:30,person,0.9333649277687073,2,0,631,479
2025-09-11 16:07:30,person,0.9307004809379578,3,0,632,478
2025-09-11 16:07:30,person,0.9263788461685181,3,0,631,479
2025-09-11 16:07:30,laptop,0.32027173042297363,423,0,623,218
2025-09-11 16:07:30,person,0.9338938593864441,3,0,632,479
2025-09-11 16:07:30,person,0.9382657408714294,3,0,632,479
2025-09-11 16:07:30,person,0.9380166530609131,4,0,633,478
2025-09-11 16:07:30,laptop,0.4607211947441101,423,0,621,219
2025-09-11 16:07:31,person,0.9351661801338196,2,0,632,479
2025-09-11 16:07:31,laptop,0.3495273292064667,425,0,622,218
2025-09-11 16:07:31,person,0.9393873810768127,3,0,631,478
2025-09-11 16:07:31,person,0.9360659122467041,4,0,631,479
2025-09-11 16:07:31,person,0.9371954798698425,3,0,630,478
2025-09-11 16:07:31,laptop,0.3441017270088196,422,0,622,219
2025-09-11 16:07:31,person,0.944115936756134,3,0,631,478
2025-09-11 16:07:31,person,0.9381091594696045,3,0,632,478
2025-09-11 16:07:31,person,0.9447344541549683,2,0,630,478
2025-09-11 16:07:31,person,0.9452657699584961,4,0,632,479
2025-09-11 16:07:32,person,0.9442669749259949,4,0,635,479
2025-09-11 16:07:32,laptop,0.4876525402069092,421,0,622,219
2025-09-11 16:07:32,person,0.9455702900886536,4,0,633,478
2025-09-11 16:07:32,laptop,0.31735309958457947,421,0,622,219
2025-09-11 16:07:32,person,0.9464846253395081,5,0,635,479
2025-09-11 16:07:32,laptop,0.39836809039115906,422,0,623,219
2025-09-11 16:07:32,person,0.9472002387046814,3,0,632,478
2025-09-11 16:07:32,person,0.9481251239776611,5,0,633,478
2025-09-11 16:07:32,person,0.9435242414474487,0,0,627,478
2025-09-11 16:07:32,person,0.9426271915435791,6,0,632,478
2025-09-11 16:07:32,person,0.9509044289588928,3,0,630,478
2025-09-11 16:07:33,person,0.9412458539009094,3,0,629,478
2025-09-11 16:07:33,laptop,0.33536478877067566,422,0,622,219
2025-09-11 16:07:33,person,0.9441249966621399,4,0,635,478
2025-09-11 16:07:33,person,0.9441114664077759,5,0,631,478
2025-09-11 16:07:33,person,0.9420751929283142,6,0,631,478
2025-09-11 16:07:33,person,0.943697452545166,4,0,634,479
2025-09-11 16:07:33,laptop,0.30596670508384705,421,0,623,218
2025-09-11 16:07:33,person,0.9422819018363953,0,0,627,478
2025-09-11 16:07:33,person,0.941538393497467,4,0,632,479
2025-09-11 16:07:33,person,0.9330752491950989,5,0,634,478
2025-09-11 16:07:34,person,0.9414231181144714,6,0,635,479
2025-09-11 16:07:34,laptop,0.3217487037181854,423,0,623,218
2025-09-11 16:07:34,person,0.9402247071266174,6,0,631,478
2025-09-11 16:07:34,person,0.9328610301017761,5,0,634,479
2025-09-11 16:07:34,person,0.9466233849525452,6,0,634,478
2025-09-11 16:07:34,person,0.946534276008606,5,0,633,479
2025-09-11 16:07:34,person,0.9400840997695923,6,0,637,479
2025-09-11 16:07:34,person,0.9452952742576599,5,0,633,479
2025-09-11 16:07:34,person,0.9384517669677734,4,0,636,479
2025-09-11 16:07:35,person,0.944438099861145,7,0,636,478
2025-09-11 16:07:35,person,0.9308609366416931,5,0,634,479
2025-09-11 16:07:35,person,0.9341328144073486,0,0,631,478
2025-09-11 16:07:35,person,0.9335700869560242,5,0,635,479
2025-09-11 16:07:35,person,0.9348307847976685,0,0,632,478
2025-09-11 16:07:35,person,0.9381190538406372,0,0,628,478
2025-09-11 16:07:35,person,0.9347984194755554,3,0,637,479
2025-09-11 16:07:36,person,0.9305422902107239,3,0,635,478
2025-09-11 16:07:36,person,0.9368368983268738,4,0,636,479
2025-09-11 16:07:36,person,0.9345308542251587,0,0,629,478
2025-09-11 16:07:36,person,0.9302268624305725,4,0,635,479
2025-09-11 16:07:36,person,0.9359340071678162,0,0,630,478
2025-09-11 16:07:36,person,0.9295031428337097,4,0,635,479
2025-09-11 16:07:36,person,0.9361421465873718,5,0,637,479
2025-09-11 16:07:36,person,0.930523693561554,3,0,637,478
2025-09-11 16:07:37,person,0.9319254755973816,4,0,636,479
2025-09-11 16:07:37,person,0.9372617602348328,2,0,636,479
2025-09-11 16:07:37,person,0.9333951473236084,1,0,637,479
2025-09-11 16:07:37,person,0.927362322807312,0,0,634,479
2025-09-11 16:07:37,person,0.924957811832428,0,0,631,479
2025-09-11 16:07:37,person,0.9208433032035828,1,0,634,479
2025-09-11 16:07:37,person,0.9300128221511841,0,0,633,479
2025-09-11 16:07:37,person,0.924532949924469,0,1,631,479
2025-09-11 16:07:38,person,0.9213067889213562,0,1,635,479
2025-09-11 16:07:38,person,0.9065460562705994,0,1,633,479
2025-09-11 16:07:38,person,0.9293311834335327,0,1,634,479
2025-09-11 16:07:38,person,0.9303908944129944,0,0,633,478
2025-09-11 16:07:38,person,0.915696918964386,0,0,634,478
2025-09-11 16:07:38,person,0.9218062162399292,0,0,633,478
2025-09-11 16:07:38,person,0.9242916107177734,0,1,637,479
2025-09-11 16:07:38,person,0.9256209135055542,0,0,633,478
2025-09-11 16:07:39,person,0.9391165375709534,0,0,631,478
2025-09-11 16:07:39,person,0.9335737228393555,0,0,631,478
2025-09-11 16:07:39,person,0.9262298345565796,0,0,638,478
2025-09-11 16:07:39,person,0.9242733716964722,0,0,632,478
2025-09-11 16:07:39,person,0.937964141368866,0,0,632,478
2025-09-11 16:07:39,person,0.9321098923683167,0,0,632,479
2025-09-11 16:07:39,person,0.922786295413971,0,0,633,478
2025-09-11 16:07:39,person,0.937780499458313,0,0,634,478
2025-09-11 16:07:40,person,0.931358814239502,0,3,638,479
2025-09-11 16:07:40,person,0.9249851703643799,0,0,632,478
2025-09-11 16:07:40,person,0.9328858256340027,0,0,629,478
2025-09-11 16:07:40,person,0.9162294864654541,0,0,633,478
2025-09-11 16:07:40,person,0.9239975810050964,1,2,637,479
2025-09-11 16:07:40,person,0.9292465448379517,0,0,633,478
2025-09-11 16:07:40,person,0.9246065020561218,0,0,634,478
2025-09-11 16:07:40,person,0.9200084209442139,0,2,632,479
2025-09-11 16:07:41,person,0.9278792142868042,0,0,633,478
2025-09-11 16:07:41,person,0.927334725856781,0,0,633,478
2025-09-11 16:07:41,person,0.922633945941925,0,0,634,478
2025-09-11 16:07:41,person,0.9345619082450867,0,0,634,478
2025-09-11 16:07:41,person,0.9256169199943542,0,0,633,478
2025-09-11 16:07:41,person,0.9296923875808716,0,0,631,478
2025-09-11 16:07:41,person,0.9238973259925842,0,0,629,478
2025-09-11 16:07:41,person,0.928291380405426,0,2,634,478
2025-09-11 16:07:42,person,0.9233136177062988,0,0,637,478
2025-09-11 16:07:42,person,0.9290059804916382,0,0,634,478
2025-09-11 16:07:42,person,0.9166895747184753,0,2,635,479
2025-09-11 16:07:42,person,0.9329250454902649,0,2,638,479
2025-09-11 16:07:42,person,0.9343125820159912,0,0,633,478
2025-09-11 16:07:42,person,0.9281759262084961,0,0,636,479
2025-09-11 16:07:42,person,0.9120382070541382,0,0,632,478
2025-09-11 16:07:42,person,0.9206053018569946,0,0,633,478
2025-09-11 16:07:43,person,0.9152665138244629,0,2,635,479
2025-09-11 16:07:43,person,0.9335721731185913,0,0,634,478
2025-09-11 16:07:43,person,0.9348913431167603,0,0,632,479
2025-09-11 16:07:43,person,0.9413862228393555,0,0,634,478
2025-09-11 16:07:43,person,0.9550385475158691,0,0,634,479
2025-09-11 16:07:43,person,0.948723316192627,0,0,633,479
2025-09-11 16:07:43,person,0.9468637704849243,0,0,635,479
2025-09-11 16:07:43,person,0.957301914691925,0,0,636,479
2025-09-11 16:07:44,person,0.9511948227882385,1,0,640,478
2025-09-11 16:07:44,person,0.9586072564125061,0,0,633,479
2025-09-11 16:07:44,person,0.9530929923057556,0,0,635,479
2025-09-11 16:07:44,person,0.9583865404129028,0,0,636,480
2025-09-11 16:07:44,person,0.9537225961685181,0,0,635,479
2025-09-11 16:07:44,person,0.9515597224235535,2,0,639,478
2025-09-11 16:07:44,person,0.9555211663246155,0,0,638,478
2025-09-11 16:07:44,person,0.9533277153968811,1,0,639,478
2025-09-11 16:07:45,person,0.9496634602546692,0,0,639,478
2025-09-11 16:07:45,person,0.9497938752174377,0,0,639,478
2025-09-11 16:07:45,person,0.9454525113105774,1,0,639,478
2025-09-11 16:07:45,person,0.944686770439148,0,0,634,478
2025-09-11 16:07:45,person,0.9355261921882629,0,0,634,478
2025-09-11 16:07:45,person,0.9468715786933899,0,0,633,478
2025-09-11 16:07:45,person,0.9491671323776245,0,0,634,478
2025-09-11 16:07:45,person,0.9495438933372498,0,0,636,478
2025-09-11 16:07:46,person,0.9499477744102478,0,0,635,478
2025-09-11 16:07:46,person,0.9469147324562073,0,0,635,478
2025-09-11 16:07:46,person,0.9493736624717712,0,0,634,478
2025-09-11 16:07:46,person,0.9502673745155334,0,0,636,478
2025-09-11 16:07:46,person,0.9507798552513123,0,0,635,478
2025-09-11 16:07:46,person,0.9542954564094543,0,0,636,478
2025-09-11 16:07:46,person,0.9514594674110413,0,0,634,478
2025-09-11 16:07:47,person,0.948469340801239,0,1,634,478
2025-09-11 16:07:47,person,0.9426903128623962,4,0,638,479
2025-09-11 16:07:47,person,0.9450107216835022,2,0,638,478
2025-09-11 16:07:47,person,0.9455333948135376,2,0,640,478
2025-09-11 16:07:47,person,0.9457532167434692,0,0,635,478
2025-09-11 16:07:47,person,0.9486303329467773,0,1,635,478
2025-09-11 16:07:47,person,0.9356150031089783,3,0,639,478
2025-09-11 16:07:47,person,0.9475672245025635,1,0,640,478
2025-09-11 16:07:48,person,0.9413703680038452,2,0,639,478
2025-09-11 16:07:48,person,0.9462903141975403,1,0,640,478
2025-09-11 16:07:48,person,0.9478288888931274,0,1,634,478
2025-09-11 16:07:48,person,0.9441664218902588,2,0,639,478
2025-09-11 16:07:48,person,0.941152811050415,3,0,640,478
2025-09-11 16:07:48,person,0.9529524445533752,0,0,634,478
2025-09-11 16:07:48,person,0.9402003884315491,2,0,640,478
2025-09-11 16:07:48,person,0.9457103610038757,0,1,634,478
2025-09-11 16:07:49,person,0.9443849325180054,2,0,638,478
2025-09-11 16:07:49,person,0.947794497013092,0,0,634,478
2025-09-11 16:07:49,person,0.9435852766036987,0,0,635,478
2025-09-11 16:07:49,person,0.9480795860290527,2,0,640,478
2025-09-11 16:07:49,person,0.9507722854614258,0,0,635,478
2025-09-11 16:07:49,person,0.9517147541046143,1,0,640,478
2025-09-11 16:07:49,person,0.942968487739563,0,0,635,479
2025-09-11 16:07:50,person,0.9264721870422363,1,0,639,478
2025-09-11 16:07:50,person,0.9337192177772522,0,0,638,479
2025-09-11 16:07:50,person,0.9388117790222168,0,0,639,478
2025-09-11 16:07:50,person,0.9221709966659546,0,0,639,478
2025-09-11 16:07:50,person,0.9201062917709351,0,1,639,478
2025-09-11 16:07:50,person,0.9257727265357971,0,1,634,478
2025-09-11 16:07:50,person,0.9411877989768982,1,0,638,479
2025-09-11 16:07:50,person,0.9064058661460876,1,0,639,478
2025-09-11 16:07:51,person,0.9322958588600159,1,0,638,479
2025-09-11 16:07:51,person,0.9340541958808899,2,0,638,479
2025-09-11 16:07:51,person,0.938295304775238,0,0,634,479
2025-09-11 16:07:51,person,0.9235729575157166,0,0,635,477
2025-09-11 16:07:51,person,0.9227831363677979,0,0,638,478
2025-09-11 16:07:51,person,0.9096202254295349,0,0,638,478
2025-09-11 16:07:51,person,0.914716899394989,0,0,638,478
2025-09-11 16:07:51,person,0.9428048729896545,0,0,633,479
2025-09-11 16:07:52,person,0.9316131472587585,0,0,638,479
2025-09-11 16:07:52,person,0.9310891628265381,0,0,638,479
2025-09-11 16:07:52,person,0.940726101398468,0,0,638,479
2025-09-11 16:07:52,person,0.9222902655601501,0,0,636,479
2025-09-11 16:07:52,person,0.8766740560531616,0,0,636,478
2025-09-11 16:07:52,person,0.8841772079467773,0,0,639,477
2025-09-11 16:07:52,person,0.8966037034988403,0,0,639,478
2025-09-11 16:07:52,person,0.9220031499862671,1,1,637,479
2025-09-11 16:07:53,person,0.9380391240119934,0,1,638,479
2025-09-11 16:07:53,person,0.9296949505805969,0,0,638,478
2025-09-11 16:07:53,person,0.9157943725585938,0,0,638,478
2025-09-11 16:07:53,person,0.911875307559967,1,0,640,478
2025-09-11 16:07:53,person,0.9157508015632629,0,0,636,478
2025-09-11 16:07:53,person,0.8884477615356445,0,0,637,478
2025-09-11 16:07:53,person,0.9142354726791382,1,0,639,478
2025-09-11 16:07:53,person,0.9218348860740662,1,1,638,479
2025-09-11 16:07:54,person,0.9301456809043884,0,1,638,479
2025-09-11 16:07:54,person,0.9054821133613586,1,0,639,478
2025-09-11 16:07:54,person,0.9003016352653503,0,0,637,478
2025-09-11 16:07:54,person,0.9206603765487671,0,0,639,478
2025-09-11 16:07:54,person,0.918095052242279,1,0,639,478
2025-09-11 16:07:54,person,0.9331075549125671,1,0,638,479
2025-09-11 16:07:54,person,0.9105241298675537,0,0,636,478
2025-09-11 16:07:54,person,0.9032697081565857,0,0,635,479
2025-09-11 16:07:55,person,0.9247516393661499,0,0,639,478
2025-09-11 16:07:55,person,0.9145717024803162,0,0,639,478
2025-09-11 16:07:55,person,0.9406982660293579,0,0,639,478
2025-09-11 16:07:55,person,0.929451048374176,1,0,639,478
2025-09-11 16:07:55,person,0.9257079362869263,0,0,634,479
2025-09-11 16:07:55,person,0.9248895049095154,0,0,639,479
2025-09-11 16:07:55,person,0.9235602021217346,0,0,638,479
2025-09-11 16:07:56,person,0.905843198299408,0,0,638,479
2025-09-11 16:07:56,person,0.9107629656791687,1,1,639,478
2025-09-11 16:07:56,person,0.9137447476387024,1,1,639,478
2025-09-11 16:07:56,person,0.9220547676086426,1,1,640,478
2025-09-11 16:07:56,person,0.8953596949577332,0,1,637,478
2025-09-11 16:07:56,person,0.8699970245361328,1,1,639,478
2025-09-11 16:07:56,person,0.9283372163772583,0,0,634,479
2025-09-11 16:07:56,person,0.9210336804389954,0,0,637,478
2025-09-11 16:07:57,person,0.9102350473403931,0,2,637,478
2025-09-11 16:07:57,person,0.9247143268585205,1,1,639,478
2025-09-11 16:07:57,person,0.9014702439308167,0,0,637,478
2025-09-11 16:07:57,person,0.9268350601196289,1,0,638,479
2025-09-11 16:07:57,person,0.9382702708244324,1,1,639,478
2025-09-11 16:07:57,person,0.8950149416923523,0,1,636,478
2025-09-11 16:07:58,person,0.9341907501220703,0,1,639,478
2025-09-11 16:07:58,person,0.9367470145225525,1,0,639,478
2025-09-11 16:07:58,person,0.9388960599899292,1,0,639,478
2025-09-11 16:07:58,person,0.9186839461326599,1,1,639,478
2025-09-11 16:07:58,person,0.929071307182312,1,1,639,478
2025-09-11 16:07:58,person,0.9296529293060303,2,0,639,478
2025-09-11 16:07:58,person,0.9157546162605286,1,1,639,478
2025-09-11 16:07:58,person,0.9297053813934326,1,0,639,478
2025-09-11 16:07:59,person,0.9171933531761169,1,0,639,478
2025-09-11 16:07:59,person,0.9081124663352966,0,0,636,478
2025-09-11 16:07:59,person,0.9089370965957642,0,0,635,479
2025-09-11 16:07:59,person,0.9289846420288086,1,0,639,478
2025-09-11 16:07:59,person,0.9181634187698364,0,0,637,477
2025-09-11 16:07:59,person,0.9101688861846924,0,0,637,477
2025-09-11 16:07:59,person,0.9105969071388245,1,1,639,478
2025-09-11 16:08:00,person,0.9087404608726501,0,0,637,478
2025-09-11 16:08:00,person,0.9163191914558411,0,0,637,478
2025-09-11 16:08:00,person,0.9306917786598206,1,0,639,478
2025-09-11 16:08:00,person,0.9078866839408875,1,1,640,478
2025-09-11 16:08:00,person,0.9267994165420532,2,0,638,479
2025-09-11 16:08:00,person,0.9253817796707153,1,2,640,478
2025-09-11 16:08:00,person,0.9027037024497986,0,1,636,478
2025-09-11 16:08:01,person,0.9149981737136841,0,0,639,478
2025-09-11 16:08:01,person,0.9296479821205139,0,1,636,478
2025-09-11 16:08:01,person,0.9449485540390015,1,0,638,479
2025-09-11 16:08:01,person,0.9193522930145264,0,0,635,479
2025-09-11 16:08:01,person,0.929410457611084,0,0,637,478
2025-09-11 16:08:01,person,0.93013596534729,0,0,636,478
2025-09-11 16:08:01,person,0.9427587389945984,1,0,638,478
2025-09-11 16:08:01,person,0.9345863461494446,1,0,638,479
2025-09-11 16:08:02,person,0.8993534445762634,1,1,639,477
2025-09-11 16:08:02,person,0.9255344867706299,2,0,639,478
2025-09-11 16:08:02,person,0.9188405275344849,1,1,639,478
2025-09-11 16:08:02,person,0.9396054744720459,1,0,639,478
2025-09-11 16:08:02,person,0.904526948928833,1,0,639,478
2025-09-11 16:08:02,person,0.9270455241203308,0,0,633,479
2025-09-11 16:08:02,person,0.9377999901771545,2,0,639,479
2025-09-11 16:08:03,person,0.9389806389808655,1,0,638,479
2025-09-11 16:08:03,person,0.9271957874298096,1,0,639,478
2025-09-11 16:08:03,person,0.9355527758598328,0,0,636,478
2025-09-11 16:08:03,person,0.9290902614593506,1,1,639,478
2025-09-11 16:08:03,person,0.8877375721931458,0,0,636,478
2025-09-11 16:08:03,person,0.9101123809814453,0,0,637,478
2025-09-11 16:08:03,person,0.9101712703704834,2,1,639,478
2025-09-11 16:08:03,person,0.9256807565689087,1,1,639,477
2025-09-11 16:08:04,person,0.939763069152832,2,0,638,479
2025-09-11 16:08:04,person,0.9237194061279297,1,0,639,478
2025-09-11 16:08:04,person,0.9388094544410706,0,1,638,479
2025-09-11 16:08:04,person,0.9258694648742676,0,0,637,478
2025-09-11 16:08:04,person,0.9219640493392944,1,0,640,478
2025-09-11 16:08:04,person,0.9231565594673157,0,0,636,478
2025-09-11 16:08:04,person,0.9202505946159363,0,0,636,478
2025-09-11 16:08:04,person,0.9167534708976746,0,1,639,478
2025-09-11 16:08:05,person,0.9439824819564819,1,0,638,479
2025-09-11 16:08:05,person,0.9236370325088501,1,0,639,478
2025-09-11 16:08:05,person,0.911307692527771,0,0,637,478
2025-09-11 16:08:05,person,0.9420164227485657,1,0,638,479
2025-09-11 16:08:05,person,0.9013358950614929,0,0,635,478
2025-09-11 16:08:05,person,0.9328314661979675,1,0,639,478
2025-09-11 16:08:05,person,0.9285609126091003,1,0,639,478
2025-09-11 16:08:06,person,0.9248928427696228,1,0,639,478
2025-09-11 16:08:06,person,0.936012864112854,1,0,638,478
2025-09-11 16:08:06,person,0.9308221340179443,1,0,639,478
2025-09-11 16:08:06,person,0.9266287684440613,2,1,640,478
2025-09-11 16:08:06,person,0.8598426580429077,0,1,637,478
2025-09-11 16:08:06,person,0.9125661253929138,0,1,637,478
2025-09-11 16:08:06,person,0.863901674747467,0,0,636,478
2025-09-11 16:08:06,person,0.8931390047073364,0,0,636,478
2025-09-11 16:08:07,person,0.9196289777755737,0,1,637,478
2025-09-11 16:08:07,person,0.928839921951294,1,0,638,478
2025-09-11 16:08:07,person,0.8642427325248718,0,1,636,478
2025-09-11 16:08:07,person,0.8975258469581604,0,0,637,478
2025-09-11 16:08:07,person,0.9276316165924072,1,1,639,478
2025-09-11 16:08:07,person,0.9121642112731934,1,1,640,478
2025-09-11 16:08:07,person,0.9173210859298706,1,1,639,478
2025-09-11 16:08:07,person,0.9205164313316345,1,0,640,478
2025-09-11 16:08:08,person,0.9241779446601868,0,0,636,478
2025-09-11 16:08:08,person,0.9208319783210754,0,1,636,478
2025-09-11 16:08:08,person,0.9195285439491272,0,0,637,478
2025-09-11 16:08:08,person,0.9379735589027405,1,1,639,478
2025-09-11 16:08:08,person,0.9277584552764893,2,0,638,479
2025-09-11 16:08:08,person,0.9235574007034302,0,0,636,478
2025-09-11 16:08:08,person,0.896571695804596,0,0,636,478
2025-09-11 16:08:08,person,0.925154983997345,1,0,639,478
2025-09-11 16:08:09,person,0.8944090604782104,0,1,637,478
2025-09-11 16:08:09,person,0.9252558946609497,0,0,636,478
2025-09-11 16:08:09,person,0.9256516695022583,1,1,639,478
2025-09-11 16:08:09,person,0.9113131165504456,0,0,636,478
2025-09-11 16:08:09,person,0.9275389909744263,0,0,637,478
2025-09-11 16:08:09,person,0.9305247664451599,1,0,638,478
2025-09-11 16:08:09,person,0.9278542995452881,1,0,638,479
2025-09-11 16:08:09,person,0.9374905228614807,2,0,638,479
2025-09-11 16:08:10,person,0.9385071992874146,1,0,638,479
2025-09-11 16:08:10,person,0.9268338084220886,0,0,635,479
2025-09-11 16:08:10,person,0.9242960810661316,1,0,639,478
2025-09-11 16:08:10,person,0.9280937910079956,0,1,639,477
2025-09-11 16:08:10,person,0.9371852278709412,1,0,638,479
2025-09-11 16:08:10,person,0.9380698204040527,1,0,638,478
2025-09-11 16:08:10,person,0.9278793931007385,1,0,639,478
2025-09-11 16:08:10,person,0.9217854738235474,2,0,638,478
2025-09-11 16:08:11,person,0.9161226153373718,1,1,639,478
2025-09-11 16:08:11,person,0.9185479879379272,1,0,639,478
2025-09-11 16:08:11,person,0.9026658535003662,1,0,639,478
2025-09-11 16:08:11,person,0.9197084307670593,1,0,639,478
2025-09-11 16:08:11,person,0.9060345888137817,0,1,637,478
2025-09-11 16:08:11,person,0.9036986231803894,0,1,637,478
2025-09-11 16:08:11,person,0.8994776606559753,0,0,637,478
2025-09-11 16:08:12,person,0.8566011786460876,0,1,636,478
2025-09-11 16:08:12,person,0.8932289481163025,0,1,638,478
2025-09-11 16:08:12,person,0.8802639245986938,0,0,636,478
2025-09-11 16:08:12,person,0.9075899720191956,1,2,639,478
2025-09-11 16:08:12,person,0.9188364148139954,1,1,639,477
2025-09-11 16:08:12,person,0.9190824627876282,2,0,638,479
2025-09-11 16:08:12,person,0.9092926979064941,0,2,639,478
2025-09-11 16:08:12,person,0.9188804030418396,1,0,639,478
2025-09-11 16:08:12,person,0.9233396649360657,0,0,636,479
2025-09-11 16:08:13,person,0.9302911162376404,1,1,639,478
2025-09-11 16:08:13,person,0.9284480810165405,1,1,639,478
2025-09-11 16:08:13,person,0.9283388257026672,0,0,636,479
2025-09-11 16:08:13,person,0.9157910943031311,1,1,639,478
2025-09-11 16:08:13,person,0.9306453466415405,1,1,639,478
2025-09-11 16:08:13,person,0.909492552280426,1,1,639,478
2025-09-11 16:08:13,person,0.9218977093696594,1,1,639,477
2025-09-11 16:08:14,person,0.8982744812965393,0,0,638,478
2025-09-11 16:08:14,person,0.9019017219543457,0,0,636,477
2025-09-11 16:08:14,person,0.9284678101539612,0,1,637,478
2025-09-11 16:08:14,person,0.9194689989089966,0,1,637,478
2025-09-11 16:08:14,person,0.9002494215965271,0,0,638,478
2025-09-11 16:08:14,person,0.9183047413825989,1,1,639,478
2025-09-11 16:08:14,person,0.9125110507011414,0,0,636,479
2025-09-11 16:08:14,person,0.9250251054763794,0,1,639,478
2025-09-11 16:08:15,person,0.9227393865585327,0,0,636,479
2025-09-11 16:08:15,person,0.9044663310050964,0,1,637,478
2025-09-11 16:08:15,person,0.8664754629135132,0,1,637,478
2025-09-11 16:08:15,person,0.9302682876586914,1,0,639,478
2025-09-11 16:08:15,person,0.9163013696670532,0,0,637,478
2025-09-11 16:08:15,person,0.9214411973953247,2,0,638,479
2025-09-11 16:08:15,person,0.9159802198410034,1,1,639,478
2025-09-11 16:08:15,person,0.9217475652694702,1,0,639,478
2025-09-11 16:08:16,person,0.9324737787246704,0,0,639,478
2025-09-11 16:08:16,person,0.9239264130592346,1,0,639,478
2025-09-11 16:08:16,person,0.9147420525550842,1,0,638,479
2025-09-11 16:08:16,person,0.9012017250061035,0,1,637,478
2025-09-11 16:08:16,person,0.9297980070114136,1,0,638,479
2025-09-11 16:08:16,person,0.927160918712616,1,0,639,478
2025-09-11 16:08:16,person,0.9232993721961975,1,0,639,478
2025-09-11 16:08:16,person,0.9148128628730774,0,0,636,479
2025-09-11 16:08:17,person,0.9186448454856873,1,0,639,478
2025-09-11 16:08:17,person,0.9326078295707703,1,1,639,478
2025-09-11 16:08:17,person,0.9089409708976746,1,0,639,478
2025-09-11 16:08:17,person,0.9298641681671143,1,0,638,479
2025-09-11 16:08:17,person,0.9224367737770081,1,0,639,478
2025-09-11 16:08:17,person,0.9189277291297913,2,0,638,479
2025-09-11 16:08:17,person,0.9303687810897827,2,0,639,478
2025-09-11 16:08:17,person,0.9265927076339722,2,0,638,479
2025-09-11 16:08:18,person,0.9409648180007935,1,0,639,478
2025-09-11 16:08:18,person,0.9298823475837708,2,0,638,479
2025-09-11 16:08:18,person,0.9370672106742859,1,0,639,478
2025-09-11 16:08:18,person,0.924826979637146,1,0,639,478
2025-09-11 16:08:18,person,0.9245575070381165,0,0,639,478
2025-09-11 16:08:18,person,0.9152356386184692,1,0,639,478
2025-09-11 16:08:18,person,0.9113461971282959,0,0,636,478
2025-09-11 16:08:18,person,0.9192689061164856,1,1,638,479
2025-09-11 16:08:19,person,0.9268046617507935,1,0,640,478
2025-09-11 16:08:19,person,0.9034820795059204,1,1,639,478
2025-09-11 16:08:19,person,0.8945148587226868,0,1,637,478
2025-09-11 16:08:19,person,0.9175170660018921,0,0,637,478
2025-09-11 16:08:19,person,0.9179792404174805,1,2,639,478
2025-09-11 16:08:19,person,0.9180781841278076,0,1,639,478
2025-09-11 16:08:19,person,0.9063965082168579,0,0,637,479
2025-09-11 16:08:20,person,0.921263575553894,1,1,640,478
2025-09-11 16:08:20,person,0.91581791639328,2,1,638,479
2025-09-11 16:08:20,person,0.9073992967605591,1,1,639,478
2025-09-11 16:08:20,person,0.9260205626487732,0,0,636,479
2025-09-11 16:08:20,person,0.925609290599823,1,1,639,478
2025-09-11 16:08:20,person,0.9059515595436096,1,1,639,478
2025-09-11 16:08:20,person,0.9380967020988464,1,0,638,479
2025-09-11 16:08:20,person,0.9277028441429138,1,1,639,478
2025-09-11 16:08:20,person,0.9082053899765015,0,0,637,479
2025-09-11 16:08:21,person,0.8844919800758362,1,2,639,478
2025-09-11 16:08:21,person,0.9091115593910217,0,1,637,478
2025-09-11 16:08:21,person,0.9281067252159119,1,0,638,479
2025-09-11 16:08:21,person,0.9056342840194702,0,0,638,478
2025-09-11 16:08:21,person,0.9146856069564819,0,0,637,478
2025-09-11 16:08:21,person,0.9271904230117798,1,1,639,478
2025-09-11 16:08:21,person,0.9371646642684937,0,1,639,478
2025-09-11 16:08:22,person,0.9087769389152527,1,1,639,478
2025-09-11 16:08:22,person,0.9118400812149048,0,1,637,478
2025-09-11 16:08:22,person,0.9088314771652222,1,1,640,478
2025-09-11 16:08:22,person,0.9176478385925293,0,1,636,478
2025-09-11 16:08:22,person,0.9331079721450806,1,1,638,479
2025-09-11 16:08:22,person,0.9029755592346191,1,1,639,477
2025-09-11 16:08:22,person,0.9188295602798462,1,1,639,478
2025-09-11 16:08:22,person,0.9382060170173645,1,0,639,479
2025-09-11 16:08:23,person,0.9276634454727173,2,0,638,479
2025-09-11 16:08:23,person,0.9266307950019836,0,1,637,478
2025-09-11 16:08:23,person,0.9283991456031799,1,0,639,478
2025-09-11 16:08:23,person,0.9181952476501465,0,0,637,478
2025-09-11 16:08:23,person,0.9120516777038574,0,1,636,478
2025-09-11 16:08:23,person,0.9252836108207703,0,1,639,478
2025-09-11 16:08:23,person,0.9317763447761536,0,0,639,478
2025-09-11 16:08:23,person,0.9026972055435181,1,0,639,478
2025-09-11 16:08:24,person,0.9368754029273987,1,0,639,478
2025-09-11 16:08:24,person,0.818338930606842,0,0,636,478
2025-09-11 16:08:24,person,0.9270908236503601,2,0,639,478
2025-09-11 16:08:24,person,0.9222405552864075,1,1,639,478
2025-09-11 16:08:24,person,0.9212833046913147,0,0,639,478
2025-09-11 16:08:24,person,0.9241361021995544,1,0,638,479
2025-09-11 16:08:24,person,0.9163336753845215,0,0,637,478
2025-09-11 16:08:25,person,0.9357789754867554,0,0,638,479
2025-09-11 16:08:25,person,0.9231783747673035,1,0,640,478
2025-09-11 16:08:25,person,0.9139317870140076,0,0,638,478
2025-09-11 16:08:25,person,0.9250032901763916,0,1,639,478
2025-09-11 16:08:25,person,0.9058117270469666,1,1,639,478
2025-09-11 16:08:25,person,0.9264196157455444,0,0,637,478
2025-09-11 16:08:25,person,0.9197239279747009,0,0,637,478
2025-09-11 16:08:25,person,0.9285454750061035,2,0,638,478
2025-09-11 16:08:26,person,0.9226624369621277,2,1,639,478
2025-09-11 16:08:26,person,0.926963210105896,0,0,636,478
2025-09-11 16:08:26,person,0.9251739978790283,0,0,637,478
2025-09-11 16:08:26,person,0.9289456605911255,0,0,637,478
2025-09-11 16:08:26,person,0.9100932478904724,0,0,636,478
2025-09-11 16:08:26,person,0.92130446434021,0,0,636,478
2025-09-11 16:08:27,person,0.8933568000793457,0,0,636,478
2025-09-11 16:08:27,person,0.7587910294532776,0,0,637,478
2025-09-11 16:08:28,person,0.9115402698516846,1,0,639,478
2025-09-11 16:08:28,person,0.8909575939178467,0,0,639,478
2025-09-11 16:08:28,person,0.8829687237739563,0,0,638,478
2025-09-11 16:08:28,person,0.7853182554244995,0,0,639,478
2025-09-11 16:08:28,person,0.8726106882095337,1,0,635,478
2025-09-11 16:08:29,person,0.8618267774581909,0,0,636,478
2025-09-11 16:08:29,person,0.8458811640739441,1,0,636,478
2025-09-11 16:08:29,person,0.8447729349136353,1,0,633,478
2025-09-11 16:08:29,person,0.8509618043899536,0,0,633,478
2025-09-11 16:08:29,person,0.9086344838142395,0,0,635,478
2025-09-11 16:08:29,person,0.8873481750488281,1,0,639,478
2025-09-11 16:08:29,person,0.8820741176605225,0,0,635,478
2025-09-11 16:08:29,person,0.8455216288566589,1,0,639,478
2025-09-11 16:08:30,person,0.8427800536155701,0,0,634,478
2025-09-11 16:08:30,person,0.8600860238075256,1,0,637,478
2025-09-11 16:08:30,person,0.8440341353416443,1,1,637,479
2025-09-11 16:08:30,person,0.9037153124809265,0,0,635,478
2025-09-11 16:08:30,person,0.686151921749115,1,1,533,479
2025-09-11 16:08:30,person,0.772576093673706,1,1,634,478
2025-09-11 16:08:30,person,0.4097941219806671,0,0,447,478
2025-09-11 16:08:30,person,0.8787137269973755,0,1,630,478
2025-09-11 16:08:30,banana,0.3408399224281311,318,116,547,477
2025-09-11 16:08:30,remote,0.257220983505249,319,112,556,478
2025-09-11 16:08:30,person,0.25152236223220825,192,0,620,476
2025-09-11 16:08:31,person,0.8821721076965332,0,1,613,478
2025-09-11 16:08:31,person,0.8559576869010925,0,1,621,478
2025-09-11 16:08:31,banana,0.4705347418785095,318,117,565,478
2025-09-11 16:08:31,person,0.8894785046577454,0,1,630,478
2025-09-11 16:08:31,banana,0.3877321779727936,320,115,575,476
2025-09-11 16:08:31,person,0.9022188186645508,0,1,632,479
2025-09-11 16:08:31,person,0.8912205696105957,0,1,634,479
2025-09-11 16:08:31,banana,0.415629506111145,324,109,598,478
2025-09-11 16:08:31,frisbee,0.29018327593803406,326,110,563,480
2025-09-11 16:08:31,person,0.8863154649734497,0,1,635,479
2025-09-11 16:08:31,banana,0.5265540480613708,327,108,606,477
2025-09-11 16:08:31,person,0.9200412034988403,0,1,637,479
2025-09-11 16:08:31,banana,0.5999718904495239,328,106,611,478
2025-09-11 16:08:31,person,0.8973734974861145,0,1,634,479
2025-09-11 16:08:31,banana,0.45124754309654236,330,104,614,477
2025-09-11 16:08:32,person,0.9095926284790039,0,2,634,479
2025-09-11 16:08:32,remote,0.396639347076416,331,101,615,479
2025-09-11 16:08:32,person,0.8861017823219299,0,1,633,479
2025-09-11 16:08:32,remote,0.5089293122291565,333,93,606,478
2025-09-11 16:08:32,person,0.8668984770774841,0,0,636,479
2025-09-11 16:08:32,remote,0.4474216401576996,330,89,591,478
2025-09-11 16:08:32,frisbee,0.3266282379627228,332,89,572,467
2025-09-11 16:08:32,person,0.8991124629974365,0,1,635,480
2025-09-11 16:08:32,person,0.8795162439346313,0,0,638,479
2025-09-11 16:08:32,scissors,0.4940735995769501,318,37,562,469
2025-09-11 16:08:32,person,0.8588799238204956,1,1,628,477
2025-09-11 16:08:32,person,0.42679744958877563,265,13,640,473
2025-09-11 16:08:32,person,0.851215660572052,1,0,617,478
2025-09-11 16:08:32,person,0.4521188735961914,160,11,639,470
2025-09-11 16:08:32,tie,0.26736170053482056,288,6,531,441
2025-09-11 16:08:32,person,0.8733945488929749,0,0,625,480
2025-09-11 16:08:32,person,0.6044701337814331,198,10,640,477
2025-09-11 16:08:32,remote,0.29621490836143494,271,5,543,464
2025-09-11 16:08:33,person,0.8873587846755981,0,2,622,477
2025-09-11 16:08:33,person,0.5776869058609009,212,15,640,474
2025-09-11 16:08:33,remote,0.30574384331703186,280,11,538,460
2025-09-11 16:08:33,person,0.8996154069900513,0,0,615,477
2025-09-11 16:08:33,person,0.8481616377830505,0,3,634,477
2025-09-11 16:08:33,banana,0.39304471015930176,288,44,554,451
2025-09-11 16:08:33,person,0.8524038195610046,0,4,634,477
2025-09-11 16:08:33,banana,0.41822800040245056,294,43,550,443
2025-09-11 16:08:33,person,0.8789307475090027,1,4,623,479
2025-09-11 16:08:33,banana,0.29341796040534973,294,45,547,438
2025-09-11 16:08:33,person,0.8811761140823364,0,1,639,479
2025-09-11 16:08:33,person,0.8396739363670349,1,0,637,479
2025-09-11 16:08:33,frisbee,0.6325381398200989,327,24,633,397
2025-09-11 16:08:33,frisbee,0.35788336396217346,327,25,551,361
2025-09-11 16:08:33,frisbee,0.8828625679016113,334,18,637,379
2025-09-11 16:08:33,person,0.8401767015457153,1,0,636,479
2025-09-11 16:08:34,frisbee,0.8852563500404358,337,14,638,373
2025-09-11 16:08:34,person,0.8826148509979248,1,0,637,478
2025-09-11 16:08:34,person,0.8945584297180176,0,1,638,479
2025-09-11 16:08:34,frisbee,0.8295372724533081,338,13,638,372
2025-09-11 16:08:34,frisbee,0.9451914429664612,338,14,638,374
2025-09-11 16:08:34,person,0.8681804537773132,1,0,636,478
2025-09-11 16:08:34,frisbee,0.909453272819519,338,13,637,378
2025-09-11 16:08:34,person,0.7984158992767334,2,0,635,479
2025-09-11 16:08:34,person,0.9046632647514343,1,0,638,479
2025-09-11 16:08:34,frisbee,0.7033236026763916,338,15,638,390
2025-09-11 16:08:34,person,0.8717471957206726,0,0,638,479
2025-09-11 16:08:34,frisbee,0.6840646266937256,343,11,635,396
2025-09-11 16:08:34,frisbee,0.4249510169029236,344,11,568,324
2025-09-11 16:08:34,person,0.6698165535926819,0,0,627,479
2025-09-11 16:08:34,frisbee,0.43840473890304565,367,2,541,136
2025-09-11 16:08:34,person,0.9094246029853821,2,1,638,479
2025-09-11 16:08:34,person,0.3386112153530121,423,1,639,423
2025-09-11 16:08:35,person,0.9108766317367554,0,0,639,479
2025-09-11 16:08:35,hot dog,0.40102070569992065,460,0,639,321
2025-09-11 16:08:35,person,0.8961999416351318,1,0,639,479
2025-09-11 16:08:35,person,0.8999701142311096,0,0,639,479
2025-09-11 16:08:35,person,0.3742302358150482,496,0,639,427
2025-09-11 16:08:35,person,0.8418009877204895,1,0,639,479
2025-09-11 16:08:35,person,0.853546142578125,1,0,639,478
2025-09-11 16:08:35,person,0.8735910058021545,1,0,639,479
2025-09-11 16:08:35,person,0.8789457082748413,0,0,639,479
2025-09-11 16:08:35,cell phone,0.25739747285842896,569,50,608,102
2025-09-11 16:08:35,person,0.9215903878211975,1,0,639,478
2025-09-11 16:08:36,person,0.8809707760810852,1,0,639,479
2025-09-11 16:08:36,person,0.8655887246131897,1,0,639,478
2025-09-11 16:08:36,person,0.7207217812538147,0,0,639,478
2025-09-11 16:08:36,cat,0.5458999276161194,0,0,635,479
2025-09-11 16:08:36,person,0.8549110889434814,1,0,639,478
2025-09-11 16:08:36,person,0.8624076247215271,1,0,639,478
2025-09-11 16:08:36,person,0.8753857612609863,1,0,638,478
2025-09-11 16:08:36,person,0.884022057056427,1,0,639,478
2025-09-11 16:08:36,person,0.8953230977058411,1,0,638,479
2025-09-11 16:08:37,person,0.7995411157608032,2,0,639,478
2025-09-11 16:08:37,person,0.8975935578346252,2,0,638,479
2025-09-11 16:08:37,person,0.834740161895752,1,0,636,478
2025-09-11 16:08:37,person,0.8691748380661011,1,1,638,479
2025-09-11 16:08:37,person,0.855471670627594,0,1,637,479
2025-09-11 16:08:37,person,0.8867705464363098,1,1,639,479
2025-09-11 16:08:37,person,0.8048077821731567,17,1,638,478
2025-09-11 16:08:37,person,0.660910427570343,0,0,630,479
2025-09-11 16:08:38,person,0.4173225462436676,143,71,578,480
2025-09-11 16:08:38,person,0.3491320312023163,138,71,422,477
2025-09-11 16:08:38,person,0.47691214084625244,165,193,506,479
2025-09-11 16:08:38,person,0.7099313139915466,135,162,542,479
2025-09-11 16:08:38,person,0.7543637752532959,87,141,574,479
2025-09-11 16:08:38,person,0.8023257255554199,110,145,573,479
2025-09-11 16:08:38,person,0.830390214920044,87,132,586,479
2025-09-11 16:08:38,person,0.8239302039146423,91,121,598,479
2025-09-11 16:08:38,person,0.844924807548523,93,132,594,479
2025-09-11 16:08:39,person,0.8686560392379761,100,136,596,479
2025-09-11 16:08:39,person,0.8432264924049377,101,133,601,479
2025-09-11 16:08:39,person,0.8220670223236084,108,136,587,479
2025-09-11 16:08:39,person,0.8316767811775208,96,138,534,479
2025-09-11 16:08:39,person,0.8197174668312073,107,142,529,479
2025-09-11 16:08:39,person,0.8712851405143738,108,142,537,479
2025-09-11 16:08:39,person,0.8169525265693665,98,138,550,480
2025-09-11 16:08:39,person,0.8395225405693054,100,137,537,479
2025-09-11 16:08:40,person,0.8255497813224792,98,137,548,479
2025-09-11 16:08:40,person,0.8301344513893127,105,138,550,479
2025-09-11 16:08:40,person,0.8181666731834412,104,139,558,479
2025-09-11 16:08:40,cup,0.6605533957481384,531,129,639,480
2025-09-11 16:08:40,vase,0.3455481231212616,531,130,639,479
2025-09-11 16:08:40,person,0.8405266404151917,95,139,552,479
2025-09-11 16:08:40,cup,0.6808319091796875,530,130,639,480
2025-09-11 16:08:40,vase,0.5977799296379089,530,129,639,479
2025-09-11 16:08:40,person,0.8470141291618347,94,137,566,479
2025-09-11 16:08:40,cup,0.5750535726547241,534,133,639,480
2025-09-11 16:08:40,vase,0.25565105676651,534,133,639,477
2025-09-11 16:08:40,person,0.8470141291618347,94,137,566,479
2025-09-11 16:08:40,cup,0.5750535726547241,534,133,639,480
2025-09-11 16:08:40,vase,0.25565105676651,534,133,639,477
2025-09-11 16:08:40,person,0.853763997554779,103,139,547,479
2025-09-11 16:08:40,cup,0.5014541745185852,547,136,639,469
2025-09-11 16:08:40,vase,0.2743534445762634,546,135,639,464
2025-09-11 16:08:40,person,0.8682050704956055,101,139,545,479
2025-09-11 16:08:40,cup,0.7989136576652527,551,136,639,452
2025-09-11 16:08:40,person,0.8673257231712341,103,139,542,479
2025-09-11 16:08:40,cup,0.6685887575149536,553,136,639,441
2025-09-11 16:08:40,person,0.8745459318161011,103,139,542,479
2025-09-11 16:08:40,cup,0.25966182351112366,559,136,639,443
2025-09-11 16:08:40,person,0.8719199895858765,107,139,544,479
2025-09-11 16:08:40,cup,0.29607900977134705,560,135,639,442
2025-09-11 16:08:41,person,0.8733687996864319,102,139,546,479
2025-09-11 16:08:41,cup,0.34273746609687805,562,135,639,425
2025-09-11 16:08:41,person,0.8774394392967224,105,136,544,479
2025-09-11 16:08:41,cup,0.34892210364341736,561,136,639,431
2025-09-11 16:08:41,person,0.8491862416267395,104,136,552,479
2025-09-11 16:08:41,cup,0.3596855401992798,559,135,639,445
2025-09-11 16:08:41,person,0.8613311052322388,103,139,549,479
2025-09-11 16:08:41,person,0.8480960726737976,106,139,559,479
2025-09-11 16:08:41,cup,0.41251328587532043,526,127,639,477
2025-09-11 16:08:41,person,0.8464231491088867,109,136,554,479
2025-09-11 16:08:41,frisbee,0.378558486700058,477,117,639,476
2025-09-11 16:08:41,cup,0.28429263830184937,477,117,639,478
2025-09-11 16:08:41,person,0.8821598291397095,109,140,506,479
2025-09-11 16:08:41,frisbee,0.752769947052002,430,113,638,476
2025-09-11 16:08:41,person,0.25167545676231384,429,113,638,478
2025-09-11 16:08:41,person,0.7840266227722168,104,138,501,479
2025-09-11 16:08:41,frisbee,0.3868097960948944,418,112,631,476
2025-09-11 16:08:41,person,0.2791321873664856,563,215,639,458
2025-09-11 16:08:41,person,0.2714824676513672,147,128,636,478
2025-09-11 16:08:41,frisbee,0.7438881397247314,401,113,622,476
2025-09-11 16:08:41,person,0.544520914554596,536,217,639,470
2025-09-11 16:08:41,person,0.5313330888748169,110,134,473,479
2025-09-11 16:08:41,person,0.4435567855834961,141,119,640,479
2025-09-11 16:08:41,frisbee,0.735734224319458,399,112,625,480
2025-09-11 16:08:41,person,0.548271894454956,535,218,639,473
2025-09-11 16:08:41,person,0.5368090271949768,106,133,472,479
2025-09-11 16:08:41,person,0.43930932879447937,114,122,640,479
2025-09-11 16:08:41,frisbee,0.6179495453834534,399,113,617,476
2025-09-11 16:08:41,person,0.5333033800125122,104,136,469,479
2025-09-11 16:08:41,person,0.502170741558075,535,223,639,476
2025-09-11 16:08:41,person,0.5015085935592651,141,118,639,479
2025-09-11 16:08:42,frisbee,0.7386682033538818,401,114,621,476
2025-09-11 16:08:42,person,0.6471688747406006,107,136,479,479
2025-09-11 16:08:42,person,0.4627267122268677,541,226,639,473
2025-09-11 16:08:42,person,0.36511513590812683,143,125,640,478
2025-09-11 16:08:42,frisbee,0.7096628546714783,402,114,627,477
2025-09-11 16:08:42,person,0.6824495196342468,104,135,478,479
2025-09-11 16:08:42,person,0.4171592593193054,542,225,639,471
2025-09-11 16:08:42,person,0.3153286874294281,134,122,640,479
2025-09-11 16:08:42,person,0.6337833404541016,104,135,479,479
2025-09-11 16:08:42,frisbee,0.6032835245132446,403,114,620,474
2025-09-11 16:08:42,person,0.4858272969722748,136,120,640,478
2025-09-11 16:08:42,person,0.4049932658672333,543,223,639,469
2025-09-11 16:08:42,cell phone,0.31268709897994995,402,114,638,477
2025-09-11 16:08:42,person,0.6117671728134155,105,135,482,479
2025-09-11 16:08:42,frisbee,0.59385085105896,403,114,624,475
2025-09-11 16:08:42,person,0.5116242170333862,142,120,639,478
2025-09-11 16:08:42,cell phone,0.49220359325408936,401,113,637,477
2025-09-11 16:08:42,person,0.40552401542663574,544,224,639,469
2025-09-11 16:08:42,person,0.572669506072998,102,131,479,479
2025-09-11 16:08:42,frisbee,0.559404730796814,403,114,626,475
2025-09-11 16:08:42,person,0.4232119619846344,544,223,639,469
2025-09-11 16:08:42,person,0.406674325466156,130,114,640,478
2025-09-11 16:08:42,cell phone,0.2757902443408966,403,114,639,477
2025-09-11 16:08:42,frisbee,0.7479625344276428,404,114,630,475
2025-09-11 16:08:42,person,0.5958594083786011,104,135,479,479
2025-09-11 16:08:42,person,0.4092302918434143,128,122,640,478
2025-09-11 16:08:42,person,0.32734444737434387,544,224,639,470
2025-09-11 16:08:42,cell phone,0.27384692430496216,402,113,638,477
2025-09-11 16:08:42,person,0.6090475916862488,136,116,639,478
2025-09-11 16:08:42,person,0.545756995677948,102,135,486,479
2025-09-11 16:08:42,frisbee,0.5294908285140991,403,114,634,476
2025-09-11 16:08:42,person,0.3388127386569977,544,224,639,470
2025-09-11 16:08:42,cell phone,0.3112698197364807,402,113,639,477
2025-09-11 16:08:42,frisbee,0.8279829025268555,403,114,627,474
2025-09-11 16:08:42,person,0.6095632910728455,100,136,481,479
2025-09-11 16:08:42,person,0.43862438201904297,544,224,639,469
2025-09-11 16:08:42,person,0.3925894498825073,124,119,640,478
2025-09-11 16:08:42,frisbee,0.6519541144371033,405,115,626,478
2025-09-11 16:08:42,person,0.6427845358848572,105,136,482,479
2025-09-11 16:08:42,person,0.37460455298423767,546,224,639,472
2025-09-11 16:08:42,person,0.3416987657546997,136,122,640,479
2025-09-11 16:08:42,person,0.6427358984947205,106,134,487,479
2025-09-11 16:08:42,frisbee,0.558218777179718,405,115,627,476
2025-09-11 16:08:42,person,0.4036727249622345,118,123,640,478
2025-09-11 16:08:43,person,0.6281322240829468,101,133,484,479
2025-09-11 16:08:43,frisbee,0.6098188161849976,405,115,628,476
2025-09-11 16:08:43,person,0.433619886636734,124,117,640,478
2025-09-11 16:08:43,person,0.3584796190261841,547,226,639,471
2025-09-11 16:08:43,frisbee,0.7470076680183411,406,115,632,477
2025-09-11 16:08:43,person,0.6080762147903442,105,136,485,479
2025-09-11 16:08:43,person,0.5309505462646484,136,121,640,478
2025-09-11 16:08:43,person,0.6526944041252136,104,135,483,479
2025-09-11 16:08:43,frisbee,0.621555745601654,406,115,629,477
2025-09-11 16:08:43,person,0.4541963040828705,125,116,640,479
2025-09-11 16:08:43,person,0.26624369621276855,548,224,639,471
2025-09-11 16:08:43,frisbee,0.7454400658607483,406,116,622,473
2025-09-11 16:08:43,person,0.5881518721580505,138,120,640,478
2025-09-11 16:08:43,person,0.5406503081321716,107,135,487,479
2025-09-11 16:08:43,person,0.34611865878105164,548,226,639,470
2025-09-11 16:08:43,frisbee,0.592612087726593,407,115,626,476
2025-09-11 16:08:43,person,0.5751962661743164,103,134,487,479
2025-09-11 16:08:43,person,0.5067476034164429,126,119,639,478
2025-09-11 16:08:43,cell phone,0.2820773720741272,406,115,638,477
2025-09-11 16:08:43,person,0.26772207021713257,549,226,639,472
2025-09-11 16:08:43,person,0.5688889026641846,104,131,487,479
2025-09-11 16:08:43,person,0.5285991430282593,123,120,639,478
2025-09-11 16:08:43,frisbee,0.49180662631988525,407,116,628,476
2025-09-11 16:08:43,person,0.35043278336524963,549,226,639,470
2025-09-11 16:08:43,frisbee,0.7542803287506104,407,116,629,475
2025-09-11 16:08:43,person,0.5874143242835999,142,120,639,478
2025-09-11 16:08:43,person,0.5194796323776245,108,135,491,479
2025-09-11 16:08:43,person,0.2627033591270447,549,226,639,471
2025-09-11 16:08:43,frisbee,0.720186173915863,408,116,629,474
2025-09-11 16:08:43,person,0.6109522581100464,158,119,639,478
2025-09-11 16:08:43,person,0.5462808012962341,107,136,494,479
2025-09-11 16:08:43,person,0.29021909832954407,550,224,639,472
2025-09-11 16:08:43,person,0.8131030797958374,104,137,539,479
2025-09-11 16:08:43,frisbee,0.6908054947853088,432,116,639,473
2025-09-11 16:08:43,person,0.7939512729644775,102,137,547,479
2025-09-11 16:08:43,person,0.7819933891296387,105,140,546,479
2025-09-11 16:08:44,person,0.792499303817749,105,142,559,479
2025-09-11 16:08:44,person,0.6980805993080139,114,149,540,479
2025-09-11 16:08:44,person,0.8377293348312378,118,154,532,479
2025-09-11 16:08:44,person,0.766708254814148,117,153,532,479
2025-09-11 16:08:44,person,0.7712904810905457,123,149,533,479
2025-09-11 16:08:44,person,0.8257175087928772,110,144,538,479
2025-09-11 16:08:44,person,0.8520262837409973,111,144,535,479
2025-09-11 16:08:44,person,0.806834876537323,125,150,528,479
2025-09-11 16:08:44,person,0.8080345988273621,127,152,525,479
2025-09-11 16:08:44,person,0.7428078651428223,118,152,532,479
2025-09-11 16:08:44,person,0.73959881067276,122,150,565,479
2025-09-11 16:08:44,cat,0.251971960067749,124,144,544,479
2025-09-11 16:08:45,person,0.806541383266449,117,152,554,479
2025-09-11 16:08:45,person,0.8531301021575928,115,149,576,479
2025-09-11 16:08:45,person,0.8524958491325378,114,150,577,479
2025-09-11 16:08:45,person,0.8654218912124634,116,149,566,479
2025-09-11 16:08:45,person,0.8127151131629944,119,151,559,479
2025-09-11 16:08:45,person,0.8286249041557312,107,149,559,479
2025-09-11 16:08:45,person,0.8625365495681763,110,151,552,479
2025-09-11 16:08:45,person,0.8519507050514221,96,151,576,479
2025-09-11 16:08:45,person,0.8816528916358948,83,137,603,479
2025-09-11 16:08:45,person,0.8920021057128906,77,119,630,478
2025-09-11 16:08:46,person,0.8662992715835571,73,111,622,478
2025-09-11 16:08:46,person,0.8415385484695435,40,60,635,480
2025-09-11 16:08:46,person,0.8699590563774109,33,33,636,479
2025-09-11 16:08:46,person,0.9054414629936218,38,4,639,477
2025-09-11 16:08:46,person,0.9062813520431519,29,4,639,478
2025-09-11 16:08:46,person,0.7567428350448608,37,43,633,480
2025-09-11 16:08:46,person,0.7509467005729675,72,58,637,478
2025-09-11 16:08:46,person,0.4625953137874603,132,77,636,479
2025-09-11 16:08:46,cat,0.2675248682498932,130,209,636,479
2025-09-11 16:08:46,person,0.25216251611709595,127,103,511,480
2025-09-11 16:08:46,person,0.5096869468688965,219,125,640,479
2025-09-11 16:08:46,person,0.5658360719680786,237,134,640,480
2025-09-11 16:08:46,person,0.6789259314537048,293,120,633,477
2025-09-11 16:08:46,person,0.7287482023239136,291,106,633,477
2025-09-11 16:08:47,person,0.4075811505317688,322,103,638,479
2025-09-11 16:08:47,person,0.3405574560165405,0,274,44,479
2025-09-11 16:08:47,person,0.6506523489952087,331,107,639,479
2025-09-11 16:08:47,person,0.47587308287620544,0,280,56,479
2025-09-11 16:08:47,person,0.8586522340774536,0,292,127,479
2025-09-11 16:08:47,person,0.7191176414489746,383,98,639,478
2025-09-11 16:08:47,person,0.8601041436195374,3,329,188,479
2025-09-11 16:08:47,person,0.549987256526947,441,118,639,478
2025-09-11 16:08:47,person,0.31546545028686523,471,209,639,478
2025-09-11 16:08:47,person,0.7341133952140808,458,136,639,479
2025-09-11 16:08:47,person,0.7048864364624023,36,335,213,479
2025-09-11 16:08:47,person,0.71695876121521,167,349,337,479
2025-09-11 16:08:47,person,0.8336888551712036,215,305,394,479
2025-09-11 16:08:47,person,0.7758533358573914,0,378,98,479
2025-09-11 16:08:47,person,0.8145052790641785,222,295,407,479
2025-09-11 16:08:47,person,0.7915568351745605,0,370,114,479
2025-09-11 16:08:47,person,0.8459920883178711,42,356,187,479
2025-09-11 16:08:47,person,0.8091862201690674,284,277,471,479
2025-09-11 16:08:47,person,0.8738397359848022,284,240,525,479
2025-09-11 16:08:47,person,0.8109886050224304,44,332,189,479
2025-09-11 16:08:48,person,0.8128059506416321,41,322,197,479
2025-09-11 16:08:48,person,0.7308601140975952,266,228,542,479
2025-09-11 16:08:48,person,0.9106273651123047,0,273,218,479
2025-09-11 16:08:48,person,0.8170076608657837,239,167,604,479
2025-09-11 16:08:48,person,0.9390520453453064,0,243,233,479
2025-09-11 16:08:48,person,0.8423648476600647,233,131,637,479
2025-09-11 16:08:48,chair,0.4056933522224426,192,404,258,478
2025-09-11 16:08:48,person,0.9387667179107666,0,239,231,479
2025-09-11 16:08:48,person,0.8481854200363159,234,129,633,479
2025-09-11 16:08:48,chair,0.38693806529045105,192,402,259,478
2025-09-11 16:08:48,person,0.9524326920509338,0,236,235,479
2025-09-11 16:08:48,person,0.7727479338645935,234,121,640,479
2025-09-11 16:08:48,person,0.9222126603126526,0,229,235,479
2025-09-11 16:08:48,person,0.8099638819694519,232,113,638,479
2025-09-11 16:08:48,person,0.9551257491111755,0,197,235,479
2025-09-11 16:08:48,person,0.8416904807090759,229,62,639,479
2025-09-11 16:08:48,person,0.946017861366272,0,190,237,479
2025-09-11 16:08:48,person,0.8612768054008484,229,64,639,479
2025-09-11 16:08:48,person,0.947575032711029,0,193,246,479
2025-09-11 16:08:48,person,0.7906626462936401,241,49,639,479
2025-09-11 16:08:48,person,0.9384329319000244,0,194,254,479
2025-09-11 16:08:48,person,0.8133232593536377,242,57,638,479
2025-09-11 16:08:48,person,0.9395801424980164,0,189,274,479
2025-09-11 16:08:48,person,0.768914520740509,262,76,636,479
2025-09-11 16:08:49,person,0.9117234349250793,0,187,293,479
2025-09-11 16:08:49,person,0.7441348433494568,288,77,640,479
2025-09-11 16:08:49,couch,0.2817230522632599,0,345,640,479
2025-09-11 16:08:49,person,0.9176620841026306,0,186,297,479
2025-09-11 16:08:49,person,0.8190065026283264,291,74,639,478
2025-09-11 16:08:49,couch,0.29695653915405273,2,345,639,479
2025-09-11 16:08:49,person,0.9367609620094299,0,176,310,479
2025-09-11 16:08:49,person,0.7223832607269287,300,48,640,479
2025-09-11 16:08:49,person,0.9296800494194031,0,174,316,479
2025-09-11 16:08:49,person,0.7924781441688538,304,47,639,479
2025-09-11 16:08:49,couch,0.2603694796562195,0,337,640,479
2025-09-11 16:08:49,person,0.9262129664421082,0,181,332,479
2025-09-11 16:08:49,person,0.6749219298362732,321,74,640,478
2025-09-11 16:08:49,person,0.9249880313873291,0,185,339,479
2025-09-11 16:08:49,person,0.6170790195465088,328,80,636,479
2025-09-11 16:08:49,person,0.9320225119590759,0,184,341,479
2025-09-11 16:08:49,person,0.5174977779388428,334,81,637,478
2025-09-11 16:08:49,person,0.903388261795044,0,172,356,479
2025-09-11 16:08:49,person,0.7225778698921204,343,53,640,479
2025-09-11 16:08:49,person,0.8959445357322693,0,171,357,479
2025-09-11 16:08:49,person,0.6068055033683777,335,51,640,479
2025-09-11 16:08:49,person,0.916610836982727,0,160,360,479
2025-09-11 16:08:49,person,0.7361249923706055,338,44,640,479
2025-09-11 16:08:49,person,0.8643609881401062,0,153,370,478
2025-09-11 16:08:49,person,0.6353334784507751,326,31,639,479
2025-09-11 16:08:50,person,0.8485525250434875,0,150,374,478
2025-09-11 16:08:50,person,0.6780622005462646,328,31,639,479
2025-09-11 16:08:50,person,0.9058266878128052,1,147,372,477
2025-09-11 16:08:50,person,0.6815397143363953,321,23,639,479
2025-09-11 16:08:50,person,0.8788741827011108,1,148,376,478
2025-09-11 16:08:50,person,0.6733483076095581,323,24,640,480
2025-09-11 16:08:50,person,0.8346026539802551,0,146,377,478
2025-09-11 16:08:50,person,0.72434002161026,325,29,640,480
2025-09-11 16:08:50,person,0.8464449644088745,0,143,384,479
2025-09-11 16:08:50,person,0.5785996317863464,318,22,639,480
2025-09-11 16:08:50,person,0.8927474617958069,1,140,388,478
2025-09-11 16:08:50,person,0.6538392901420593,317,18,639,480
2025-09-11 16:08:50,person,0.8810529112815857,9,139,395,478
2025-09-11 16:08:50,person,0.57906574010849,322,17,639,479
2025-09-11 16:08:50,person,0.8668568134307861,9,137,399,479
2025-09-11 16:08:50,person,0.5514513850212097,319,16,639,479
2025-09-11 16:08:50,person,0.8508681058883667,7,133,404,479
2025-09-11 16:08:50,person,0.7021795511245728,341,15,639,480
2025-09-11 16:08:50,person,0.8668000102043152,5,132,404,479
2025-09-11 16:08:50,person,0.6849291324615479,329,14,639,480
2025-09-11 16:08:51,person,0.8915061950683594,5,125,406,480
2025-09-11 16:08:51,person,0.589138388633728,335,0,639,480
2025-09-11 16:08:51,person,0.8779520392417908,5,123,407,480
2025-09-11 16:08:51,person,0.6533201932907104,320,0,639,480
2025-09-11 16:08:51,person,0.8789116740226746,3,124,408,480
2025-09-11 16:08:51,person,0.5486741662025452,348,2,639,479
2025-09-11 16:08:51,person,0.8811370730400085,5,120,408,479
2025-09-11 16:08:51,person,0.5746496319770813,220,0,638,480
2025-09-11 16:08:51,person,0.7953338027000427,11,118,419,480
2025-09-11 16:08:51,laptop,0.5196464657783508,0,349,219,479
2025-09-11 16:08:51,person,0.5083311200141907,279,0,639,480
2025-09-11 16:08:51,person,0.4650360643863678,75,0,638,480
2025-09-11 16:08:51,person,0.7464548349380493,4,115,423,479
2025-09-11 16:08:51,person,0.5406083464622498,29,0,637,480
2025-09-11 16:08:51,person,0.43646830320358276,222,0,639,480
2025-09-11 16:08:51,laptop,0.3190991282463074,0,348,221,479
2025-09-11 16:08:51,person,0.30327126383781433,61,115,551,479
2025-09-11 16:08:51,person,0.28205883502960205,78,116,558,479
2025-09-11 16:08:51,person,0.2708927094936371,70,115,525,479
2025-09-11 16:08:51,person,0.6820083260536194,8,114,420,478
2025-09-11 16:08:51,person,0.5494117736816406,31,0,637,480
2025-09-11 16:08:51,person,0.4152464270591736,235,0,639,479
2025-09-11 16:08:51,person,0.7515119910240173,10,110,422,480
2025-09-11 16:08:51,person,0.396025687456131,33,3,637,479
2025-09-11 16:08:51,person,0.3294532299041748,331,0,638,479
2025-09-11 16:08:51,person,0.7127881050109863,8,110,421,479
2025-09-11 16:08:51,person,0.4107517898082733,36,0,638,480
2025-09-11 16:08:51,person,0.3781924545764923,267,0,639,480
2025-09-11 16:08:51,person,0.7227920889854431,7,105,428,479
2025-09-11 16:08:51,person,0.3910851776599884,30,0,638,479
2025-09-11 16:08:51,person,0.34795311093330383,239,0,638,478
2025-09-11 16:08:51,person,0.25837498903274536,83,106,584,479
2025-09-11 16:08:51,person,0.6057001948356628,60,105,502,480
2025-09-11 16:08:51,person,0.39084115624427795,26,0,638,479
2025-09-11 16:08:52,person,0.5812351107597351,77,103,430,479
2025-09-11 16:08:52,person,0.46926429867744446,41,0,638,478
2025-09-11 16:08:52,person,0.3289710581302643,47,106,568,479
2025-09-11 16:08:52,person,0.2817864418029785,240,0,639,479
2025-09-11 16:08:52,knife,0.2719935476779938,0,344,84,456
2025-09-11 16:08:52,person,0.6440449357032776,5,103,437,479
2025-09-11 16:08:52,person,0.41477352380752563,101,0,639,479
2025-09-11 16:08:52,person,0.4066099524497986,88,107,545,479
2025-09-11 16:08:52,person,0.6634795665740967,81,101,459,480
2025-09-11 16:08:52,person,0.49803614616394043,37,0,638,479
2025-09-11 16:08:52,person,0.2762764096260071,249,0,638,478
2025-09-11 16:08:52,person,0.635481595993042,78,102,498,480
2025-09-11 16:08:52,person,0.42902159690856934,41,17,638,479
2025-09-11 16:08:52,person,0.2743595242500305,211,78,639,479
2025-09-11 16:08:52,person,0.6016666293144226,81,102,451,480
2025-09-11 16:08:52,person,0.42545613646507263,72,107,622,479
2025-09-11 16:08:52,person,0.3726620674133301,129,0,639,479
2025-09-11 16:08:52,person,0.5665056705474854,6,102,449,479
2025-09-11 16:08:52,person,0.40267157554626465,166,0,639,479
2025-09-11 16:08:52,person,0.5660630464553833,81,104,434,480
2025-09-11 16:08:52,person,0.39368587732315063,142,79,638,479
2025-09-11 16:08:52,person,0.5857981443405151,76,103,433,480
2025-09-11 16:08:52,person,0.39634156227111816,138,0,639,478
2025-09-11 16:08:52,person,0.5756652355194092,83,103,430,480
2025-09-11 16:08:52,person,0.4095107316970825,151,84,638,479
2025-09-11 16:08:52,person,0.4078752100467682,60,3,638,478
2025-09-11 16:08:52,person,0.6509650945663452,78,100,448,479
2025-09-11 16:08:52,person,0.36463966965675354,220,0,639,478
2025-09-11 16:08:52,person,0.33189019560813904,75,103,632,479
2025-09-11 16:08:53,person,0.6470581889152527,76,101,444,480
2025-09-11 16:08:53,person,0.4317706525325775,68,105,611,479
2025-09-11 16:08:53,person,0.39311540126800537,177,0,639,478
2025-09-11 16:08:53,person,0.592926025390625,82,101,431,479
2025-09-11 16:08:53,person,0.31475016474723816,144,0,638,478
2025-09-11 16:08:53,person,0.29111942648887634,65,104,612,479
2025-09-11 16:08:53,person,0.6830684542655945,21,99,430,479
2025-09-11 16:08:53,person,0.5296347737312317,207,0,639,479
2025-09-11 16:08:53,person,0.7184175848960876,21,100,428,479
2025-09-11 16:08:53,person,0.512031614780426,194,0,639,479
2025-09-11 16:08:53,person,0.6892125010490417,25,99,435,479
2025-09-11 16:08:53,person,0.5224554538726807,126,1,638,478
2025-09-11 16:08:53,person,0.36909785866737366,225,64,639,479
2025-09-11 16:08:53,person,0.663750171661377,17,99,457,479
2025-09-11 16:08:53,person,0.5027771592140198,157,2,639,479
2025-09-11 16:08:53,cell phone,0.4419177770614624,130,312,178,334
2025-09-11 16:08:53,person,0.2659997045993805,245,87,639,479
2025-09-11 16:08:53,person,0.8433264493942261,17,100,433,478
2025-09-11 16:08:53,person,0.5405290722846985,234,0,639,479
2025-09-11 16:08:53,person,0.6686859726905823,18,101,449,479
2025-09-11 16:08:53,person,0.39452481269836426,201,2,639,479
2025-09-11 16:08:53,person,0.27592432498931885,268,111,639,479
2025-09-11 16:08:53,person,0.26531463861465454,367,0,639,477
2025-09-11 16:08:53,person,0.6869531869888306,11,103,452,478
2025-09-11 16:08:53,person,0.4297301173210144,376,0,639,477
2025-09-11 16:08:53,person,0.31264936923980713,213,1,639,479
2025-09-11 16:08:53,person,0.7251803874969482,11,98,444,478
2025-09-11 16:08:53,person,0.44135957956314087,214,122,639,479
2025-09-11 16:08:53,person,0.31082239747047424,361,0,638,478
2025-09-11 16:08:53,person,0.25758466124534607,110,55,639,479
2025-09-11 16:08:53,person,0.6607930660247803,14,96,451,479
2025-09-11 16:08:53,person,0.3285016417503357,181,107,639,479
2025-09-11 16:08:53,person,0.27419936656951904,334,0,639,478
2025-09-11 16:08:54,person,0.7035830020904541,15,93,439,479
2025-09-11 16:08:54,person,0.37656736373901367,182,85,639,479
2025-09-11 16:08:54,person,0.3517014682292938,273,0,639,479
2025-09-11 16:08:54,person,0.7385632991790771,7,90,441,479
2025-09-11 16:08:54,person,0.42340874671936035,143,88,639,479
2025-09-11 16:08:54,person,0.759019136428833,5,90,441,478
2025-09-11 16:08:54,person,0.4759310185909271,170,91,639,479
2025-09-11 16:08:54,person,0.7651678919792175,4,89,440,479
2025-09-11 16:08:54,person,0.3662654161453247,400,0,639,477
2025-09-11 16:08:54,person,0.26911360025405884,159,0,639,479
2025-09-11 16:08:54,person,0.7457373142242432,1,88,446,479
2025-09-11 16:08:54,person,0.2863297164440155,413,0,639,478
2025-09-11 16:08:54,person,0.756144642829895,15,88,444,479
2025-09-11 16:08:54,person,0.37816333770751953,219,0,638,477
2025-09-11 16:08:54,person,0.7368625402450562,42,87,438,479
2025-09-11 16:08:54,person,0.36881762742996216,134,2,639,479
2025-09-11 16:08:54,person,0.6989587545394897,18,86,478,480
2025-09-11 16:08:54,person,0.7324308156967163,10,89,436,478
2025-09-11 16:08:54,person,0.41257619857788086,31,33,639,479
2025-09-11 16:08:54,person,0.2535630166530609,219,0,639,478
2025-09-11 16:08:54,person,0.8124873638153076,0,90,431,479
2025-09-11 16:08:54,person,0.5932629704475403,164,21,639,479
2025-09-11 16:08:55,person,0.7735667824745178,6,93,430,479
2025-09-11 16:08:55,person,0.5203137993812561,172,14,638,479
2025-09-11 16:08:55,person,0.8275058269500732,1,104,402,479
2025-09-11 16:08:55,cat,0.25810179114341736,271,0,639,478
2025-09-11 16:08:55,person,0.8161329030990601,1,109,390,479
2025-09-11 16:08:55,person,0.2892445921897888,279,0,639,478
2025-09-11 16:08:55,person,0.855924665927887,0,152,351,479
2025-09-11 16:08:55,person,0.7554882764816284,333,28,639,479
2025-09-11 16:08:55,remote,0.3758588135242462,0,315,41,457
2025-09-11 16:08:55,person,0.9094700813293457,0,167,345,479
2025-09-11 16:08:55,person,0.6373226642608643,308,55,640,478
2025-09-11 16:08:55,bottle,0.27364012598991394,0,315,43,468
2025-09-11 16:08:55,person,0.8434918522834778,1,170,342,479
2025-09-11 16:08:55,person,0.42579030990600586,323,48,639,479
2025-09-11 16:08:55,person,0.39470282196998596,19,60,639,480
2025-09-11 16:08:55,person,0.6594671607017517,4,155,340,479
2025-09-11 16:08:55,person,0.4607824981212616,275,35,639,479
2025-09-11 16:08:55,person,0.4264744818210602,34,27,640,480
2025-09-11 16:08:55,person,0.7355667352676392,5,155,340,479
2025-09-11 16:08:55,person,0.4430144429206848,32,33,639,480
2025-09-11 16:08:55,person,0.4267127215862274,280,37,638,480
2025-09-11 16:08:55,person,0.7961390018463135,5,160,343,479
2025-09-11 16:08:55,person,0.4111740291118622,57,39,639,480
2025-09-11 16:08:55,person,0.4008741080760956,300,45,638,480
2025-09-11 16:08:55,person,0.7292124032974243,1,155,349,479
2025-09-11 16:08:55,person,0.47905316948890686,319,44,640,479
2025-09-11 16:08:55,person,0.652256965637207,1,148,352,479
2025-09-11 16:08:55,person,0.5180183053016663,311,36,639,480
2025-09-11 16:08:55,person,0.4027840495109558,111,30,640,480
2025-09-11 16:08:55,person,0.39459607005119324,129,150,352,479
2025-09-11 16:08:56,person,0.717158854007721,1,139,375,478
2025-09-11 16:08:56,person,0.35644736886024475,274,30,639,479
2025-09-11 16:08:56,person,0.3344777822494507,69,24,640,480
2025-09-11 16:08:56,person,0.6923385858535767,0,125,390,479
2025-09-11 16:08:56,cell phone,0.6785229444503784,161,139,235,257
2025-09-11 16:08:56,person,0.5414020419120789,60,7,639,479
2025-09-11 16:08:56,person,0.41856297850608826,265,9,639,478
2025-09-11 16:08:56,person,0.7482002973556519,0,119,389,479
2025-09-11 16:08:56,cell phone,0.5406160950660706,172,134,241,256
2025-09-11 16:08:56,person,0.5056361556053162,272,1,639,478
2025-09-11 16:08:56,person,0.8299269676208496,0,101,416,479
2025-09-11 16:08:56,cell phone,0.6111313104629517,190,121,268,259
2025-09-11 16:08:56,person,0.5629429221153259,133,0,639,478
2025-09-11 16:08:56,person,0.2858329713344574,314,0,639,477
2025-09-11 16:08:56,person,0.8004915118217468,0,94,439,479
2025-09-11 16:08:56,cell phone,0.7468064427375793,190,113,271,257
2025-09-11 16:08:56,person,0.4926832318305969,145,0,639,478
2025-09-11 16:08:56,person,0.4197785556316376,396,0,638,477
2025-09-11 16:08:56,cell phone,0.7190594673156738,199,122,279,268
2025-09-11 16:08:56,person,0.6865187883377075,0,97,432,479
2025-09-11 16:08:56,person,0.3232455253601074,381,0,639,478
2025-09-11 16:08:56,person,0.28103336691856384,68,0,639,479
2025-09-11 16:08:56,remote,0.7773711085319519,216,128,309,271
2025-09-11 16:08:56,person,0.7405864000320435,5,93,506,479
2025-09-11 16:08:56,person,0.7596341371536255,6,90,479,480
2025-09-11 16:08:56,cell phone,0.5061057209968567,218,125,311,270
2025-09-11 16:08:56,remote,0.4263436496257782,219,126,312,270
2025-09-11 16:08:56,person,0.2892161011695862,421,0,639,478
2025-09-11 16:08:56,person,0.27689287066459656,246,0,638,478
2025-09-11 16:08:56,cell phone,0.7950076460838318,219,130,307,271
2025-09-11 16:08:56,person,0.6938750147819519,13,94,475,479
2025-09-11 16:08:56,person,0.34042099118232727,427,0,639,478
2025-09-11 16:08:56,person,0.26765355467796326,299,0,638,479
2025-09-11 16:08:56,person,0.7269224524497986,11,85,467,480
2025-09-11 16:08:56,cell phone,0.7204524278640747,224,125,314,264
2025-09-11 16:08:56,person,0.4156903028488159,101,0,638,479
2025-09-11 16:08:56,person,0.4124738276004791,339,0,639,478
2025-09-11 16:08:57,person,0.7544647455215454,16,84,468,479
2025-09-11 16:08:57,cell phone,0.5901989340782166,226,125,316,263
2025-09-11 16:08:57,remote,0.47973600029945374,226,124,317,264
2025-09-11 16:08:57,person,0.32526665925979614,382,0,639,478
2025-09-11 16:08:57,person,0.25292646884918213,68,0,638,478
2025-09-11 16:08:57,person,0.6445596218109131,150,83,463,479
2025-09-11 16:08:57,person,0.5616658926010132,10,83,478,479
2025-09-11 16:08:57,remote,0.5474856495857239,232,123,325,264
2025-09-11 16:08:57,cell phone,0.41508787870407104,233,122,325,263
2025-09-11 16:08:57,person,0.29897966980934143,290,0,639,478
2025-09-11 16:08:57,person,0.28618142008781433,134,9,639,479
2025-09-11 16:08:57,person,0.693840503692627,20,81,559,480
2025-09-11 16:08:57,person,0.5672110319137573,123,81,480,479
2025-09-11 16:08:57,cell phone,0.5457159876823425,239,123,330,261
2025-09-11 16:08:57,person,0.4401000142097473,409,0,639,478
2025-09-11 16:08:57,person,0.34207192063331604,96,0,638,479
2025-09-11 16:08:57,person,0.6422855854034424,19,80,542,480
2025-09-11 16:08:57,person,0.6348636150360107,142,80,476,479
2025-09-11 16:08:57,cell phone,0.475227415561676,237,123,330,259
2025-09-11 16:08:57,remote,0.4009498655796051,236,122,330,263
2025-09-11 16:08:57,person,0.3668450117111206,342,0,639,478
2025-09-11 16:08:57,person,0.7060084939002991,30,78,496,479
2025-09-11 16:08:57,cell phone,0.6419222354888916,239,118,330,256
2025-09-11 16:08:57,person,0.5478931069374084,165,79,471,478
2025-09-11 16:08:57,person,0.3230845630168915,215,0,639,479
2025-09-11 16:08:57,person,0.7829850912094116,22,78,487,479
2025-09-11 16:08:57,cell phone,0.6287480592727661,240,117,331,256
2025-09-11 16:08:57,person,0.4306839108467102,159,78,471,479
2025-09-11 16:08:57,person,0.31685811281204224,116,10,639,479
2025-09-11 16:08:57,person,0.26499417424201965,300,0,639,479
2025-09-11 16:08:57,person,0.7334346771240234,14,72,626,480
2025-09-11 16:08:57,cell phone,0.6009232997894287,241,118,330,256
2025-09-11 16:08:57,person,0.5483604669570923,161,77,476,478
2025-09-11 16:08:57,person,0.35317492485046387,429,0,639,478
2025-09-11 16:08:57,person,0.845530092716217,23,75,486,480
2025-09-11 16:08:57,remote,0.4486376941204071,241,115,334,254
2025-09-11 16:08:57,person,0.3631345331668854,100,6,639,479
2025-09-11 16:08:57,cell phone,0.3145667314529419,241,115,335,254
2025-09-11 16:08:57,person,0.8503307700157166,23,75,492,479
2025-09-11 16:08:57,cell phone,0.615432858467102,242,114,335,254
2025-09-11 16:08:57,remote,0.34272831678390503,241,115,335,253
2025-09-11 16:08:57,person,0.2932775616645813,441,0,639,479
2025-09-11 16:08:57,person,0.8221811056137085,21,71,528,479
2025-09-11 16:08:57,cell phone,0.6180148124694824,244,112,339,251
2025-09-11 16:08:57,remote,0.46244969964027405,245,113,338,251
2025-09-11 16:08:57,person,0.2555628716945648,419,0,639,479
2025-09-11 16:08:57,person,0.8146513104438782,18,71,494,479
2025-09-11 16:08:57,remote,0.5432793498039246,246,113,341,250
2025-09-11 16:08:57,cell phone,0.47890177369117737,245,112,341,251
2025-09-11 16:08:57,person,0.27168139815330505,86,18,639,479
2025-09-11 16:08:58,person,0.7721969485282898,24,71,574,479
2025-09-11 16:08:58,remote,0.5901222825050354,246,113,342,250
2025-09-11 16:08:58,cell phone,0.4435175657272339,246,113,342,251
2025-09-11 16:08:58,person,0.32092705368995667,145,72,479,478
2025-09-11 16:08:58,person,0.7542068362236023,21,70,516,479
2025-09-11 16:08:58,remote,0.4915769398212433,240,121,338,256
2025-09-11 16:08:58,person,0.7108386158943176,21,72,591,480
2025-09-11 16:08:58,person,0.5556402802467346,136,70,482,478
2025-09-11 16:08:58,remote,0.3241008520126343,234,126,333,261
2025-09-11 16:08:58,remote,0.2731187343597412,234,124,332,260
2025-09-11 16:08:58,remote,0.2719525694847107,234,125,332,260
2025-09-11 16:08:58,remote,0.2572753131389618,235,124,332,259
2025-09-11 16:08:58,person,0.6681442260742188,64,73,523,479
2025-09-11 16:08:58,person,0.6501218676567078,52,72,525,479
2025-09-11 16:08:58,person,0.6295300126075745,47,71,499,479
2025-09-11 16:08:58,person,0.33434799313545227,69,50,639,479
2025-09-11 16:08:58,person,0.7007349133491516,56,73,551,479
2025-09-11 16:08:58,cell phone,0.351622611284256,81,229,159,303
2025-09-11 16:08:58,person,0.6305721998214722,48,74,580,479
2025-09-11 16:08:58,remote,0.603126049041748,83,231,156,315
2025-09-11 16:08:58,cell phone,0.2527182996273041,83,231,155,314
2025-09-11 16:08:58,person,0.5689621567726135,89,76,631,480
2025-09-11 16:08:58,person,0.4766350984573364,23,79,507,479
2025-09-11 16:08:58,person,0.40545853972435,308,0,639,478
2025-09-11 16:08:58,person,0.7555360794067383,67,112,414,479
2025-09-11 16:08:59,person,0.8832889795303345,0,147,366,479
2025-09-11 16:08:59,person,0.3880489468574524,314,24,639,479
2025-09-11 16:08:59,cat,0.33333098888397217,330,23,639,479
2025-09-11 16:08:59,person,0.9148485064506531,0,157,312,479
2025-09-11 16:08:59,person,0.4946722090244293,303,48,639,479
2025-09-11 16:08:59,cat,0.3516864478588104,303,44,639,479
2025-09-11 16:08:59,person,0.9011309146881104,0,206,234,479
2025-09-11 16:08:59,person,0.6237707734107971,188,116,635,479
2025-09-11 16:08:59,person,0.6302815675735474,0,237,256,479
2025-09-11 16:08:59,person,0.4747448265552521,245,137,587,479
2025-09-11 16:08:59,person,0.28778088092803955,61,132,626,479
2025-09-11 16:08:59,person,0.5004817843437195,0,302,131,479
2025-09-11 16:08:59,person,0.4257469177246094,175,203,468,479
2025-09-11 16:08:59,person,0.49519258737564087,527,18,639,471
2025-09-11 16:08:59,person,0.41534456610679626,2,230,314,479
2025-09-11 16:08:59,person,0.8074344992637634,16,236,319,479
2025-09-11 16:08:59,person,0.554520308971405,502,18,639,478
2025-09-11 16:08:59,person,0.8863440155982971,24,246,287,479
2025-09-11 16:08:59,person,0.5411543846130371,476,60,639,477
2025-09-11 16:08:59,person,0.934922993183136,13,245,293,479
2025-09-11 16:08:59,person,0.44611459970474243,473,186,639,478
2025-09-11 16:08:59,person,0.2759324610233307,477,69,639,476
2025-09-11 16:08:59,person,0.9208373427391052,0,225,302,479
2025-09-11 16:08:59,person,0.6796262264251709,454,114,639,479
2025-09-11 16:08:59,person,0.9173574447631836,0,214,306,479
2025-09-11 16:08:59,person,0.7415176033973694,455,110,639,479
2025-09-11 16:09:00,person,0.9135929942131042,0,198,326,479
2025-09-11 16:09:00,person,0.785770833492279,460,103,639,479
2025-09-11 16:09:00,person,0.6983989477157593,1,192,627,479
2025-09-11 16:09:00,person,0.3754814565181732,69,47,638,478
2025-09-11 16:09:00,person,0.3421529531478882,490,104,639,475
2025-09-11 16:09:00,person,0.6741104125976562,0,192,303,479
2025-09-11 16:09:00,person,0.46739378571510315,244,102,639,478
2025-09-11 16:09:00,person,0.6709504723548889,2,182,347,480
2025-09-11 16:09:00,person,0.680456817150116,8,119,438,479
2025-09-11 16:09:00,person,0.6939855217933655,13,111,453,479
2025-09-11 16:09:00,person,0.6640899181365967,45,109,466,480
2025-09-11 16:09:00,person,0.38800710439682007,0,178,63,479
2025-09-11 16:09:00,person,0.8135908842086792,24,112,467,480
2025-09-11 16:09:00,person,0.3884274363517761,0,176,61,479
2025-09-11 16:09:00,person,0.5934297442436218,17,100,465,480
2025-09-11 16:09:00,person,0.5374758243560791,0,173,58,479
2025-09-11 16:09:00,person,0.4163840413093567,16,84,636,478
2025-09-11 16:09:00,person,0.27657371759414673,457,296,639,479
2025-09-11 16:09:00,person,0.729451596736908,9,72,636,479
2025-09-11 16:09:00,person,0.7216125726699829,0,157,69,479
2025-09-11 16:09:00,person,0.4339863061904907,30,73,459,479
2025-09-11 16:09:00,person,0.2804454565048218,416,253,639,479
2025-09-11 16:09:01,person,0.7189615964889526,0,156,69,479
2025-09-11 16:09:01,person,0.6443609595298767,28,76,630,479
2025-09-11 16:09:01,person,0.5185909271240234,42,65,451,479
2025-09-11 16:09:01,person,0.4165390431880951,414,249,639,479
2025-09-11 16:09:01,person,0.8669195771217346,10,49,634,479
2025-09-11 16:09:01,person,0.7508193254470825,0,138,71,479
2025-09-11 16:09:01,person,0.34723716974258423,389,236,639,479
2025-09-11 16:09:01,person,0.8883206248283386,9,36,639,479
2025-09-11 16:09:01,person,0.7465366125106812,0,108,76,478
2025-09-11 16:09:01,person,0.8112958669662476,14,48,639,479
2025-09-11 16:09:01,person,0.7298163175582886,0,125,76,479
2025-09-11 16:09:01,person,0.8858851790428162,8,45,639,479
2025-09-11 16:09:01,person,0.6003575921058655,0,120,77,477
2025-09-11 16:09:01,person,0.9115950465202332,11,39,639,480
2025-09-11 16:09:01,person,0.5794909000396729,0,118,77,476
2025-09-11 16:09:01,person,0.891184389591217,6,42,639,479
2025-09-11 16:09:01,person,0.4587191939353943,0,120,76,477
2025-09-11 16:09:01,person,0.9007624387741089,10,37,639,480
2025-09-11 16:09:01,person,0.5138872861862183,0,119,76,477
2025-09-11 16:09:01,person,0.8932197690010071,14,28,639,480
2025-09-11 16:09:01,person,0.6012395024299622,0,116,76,476
2025-09-11 16:09:01,person,0.7235408425331116,10,33,636,479
2025-09-11 16:09:01,person,0.6876240968704224,0,115,75,476
2025-09-11 16:09:02,person,0.7296173572540283,0,119,75,477
2025-09-11 16:09:02,person,0.6114510297775269,17,24,639,479
2025-09-11 16:09:02,person,0.2804778814315796,348,237,639,479
2025-09-11 16:09:02,person,0.8074122667312622,0,122,74,477
2025-09-11 16:09:02,person,0.6441264152526855,22,37,474,479
2025-09-11 16:09:02,person,0.7220572233200073,16,37,474,478
2025-09-11 16:09:02,person,0.698070228099823,0,122,74,476
2025-09-11 16:09:02,person,0.774334192276001,0,116,73,476
2025-09-11 16:09:02,person,0.7195630073547363,22,31,470,478
2025-09-11 16:09:02,person,0.7156424522399902,0,111,70,474
2025-09-11 16:09:02,person,0.6657713055610657,7,23,640,479
2025-09-11 16:09:02,person,0.7442306280136108,0,115,71,475
2025-09-11 16:09:02,person,0.6812377572059631,6,26,640,479
2025-09-11 16:09:02,person,0.3223678171634674,368,245,639,479
2025-09-11 16:09:02,person,0.771429717540741,0,107,74,476
2025-09-11 16:09:02,person,0.5839229822158813,19,35,640,479
2025-09-11 16:09:02,person,0.2670765221118927,370,251,639,479
2025-09-11 16:09:02,person,0.735304594039917,0,112,73,476
2025-09-11 16:09:02,person,0.5954247713088989,17,36,640,479
2025-09-11 16:09:02,person,0.4978148341178894,28,42,468,479
2025-09-11 16:09:02,person,0.5321059226989746,3,31,630,479
2025-09-11 16:09:02,person,0.394694983959198,351,244,639,479
2025-09-11 16:09:02,person,0.3089398443698883,0,123,60,476
2025-09-11 16:09:02,person,0.6321982145309448,2,29,458,479
2025-09-11 16:09:02,person,0.49206990003585815,348,5,639,479
2025-09-11 16:09:02,person,0.4005644619464874,352,252,639,479
2025-09-11 16:09:02,person,0.7098108530044556,10,54,441,479
2025-09-11 16:09:02,person,0.5699762105941772,4,51,620,479
2025-09-11 16:09:02,person,0.31390392780303955,385,286,639,479
2025-09-11 16:09:03,person,0.6392940282821655,6,48,633,479
2025-09-11 16:09:03,person,0.38594794273376465,407,279,639,479
2025-09-11 16:09:03,person,0.7733466625213623,5,7,466,479
2025-09-11 16:09:03,person,0.5724194049835205,422,254,639,479
2025-09-11 16:09:03,person,0.25974735617637634,0,94,58,453
2025-09-11 16:09:03,person,0.737619936466217,2,6,469,479
2025-09-11 16:09:03,person,0.5647632479667664,427,253,639,479
2025-09-11 16:09:03,person,0.3275878429412842,0,96,66,466
2025-09-11 16:09:03,person,0.7462935447692871,10,13,492,479
2025-09-11 16:09:03,person,0.5236420631408691,0,76,105,476
2025-09-11 16:09:03,person,0.3962254524230957,429,14,639,478
2025-09-11 16:09:03,person,0.3715461194515228,450,259,639,479
2025-09-11 16:09:03,person,0.7536578178405762,0,6,499,479
2025-09-11 16:09:03,person,0.5482479333877563,0,65,113,479
2025-09-11 16:09:03,person,0.3342445194721222,457,176,639,479
2025-09-11 16:09:03,person,0.7774786949157715,1,2,520,479
2025-09-11 16:09:03,person,0.47225889563560486,462,252,639,479
2025-09-11 16:09:03,person,0.4326806366443634,0,52,131,478
2025-09-11 16:09:03,person,0.7572118043899536,0,0,527,479
2025-09-11 16:09:03,person,0.5290347933769226,0,50,134,480
2025-09-11 16:09:03,person,0.3192157745361328,469,255,639,479
2025-09-11 16:09:03,person,0.7697028517723083,0,0,612,479
2025-09-11 16:09:03,person,0.6123461127281189,0,47,145,479
2025-09-11 16:09:03,person,0.4963122308254242,472,258,639,479
2025-09-11 16:09:04,person,0.8304378390312195,0,0,535,479
2025-09-11 16:09:04,person,0.6174330115318298,0,37,152,479
2025-09-11 16:09:04,person,0.39341187477111816,449,237,639,479
2025-09-11 16:09:04,person,0.8348120450973511,0,0,535,479
2025-09-11 16:09:04,person,0.7347773909568787,0,35,152,480
2025-09-11 16:09:04,person,0.49713003635406494,420,217,639,479
2025-09-11 16:09:04,person,0.7940731048583984,0,0,632,479
2025-09-11 16:09:04,person,0.44451895356178284,0,34,153,479
2025-09-11 16:09:04,person,0.884874701499939,0,0,587,479
2025-09-11 16:09:04,person,0.6045148372650146,0,37,154,480
2025-09-11 16:09:04,person,0.8969842195510864,0,0,588,479
2025-09-11 16:09:04,person,0.6853856444358826,0,35,156,480
2025-09-11 16:09:04,person,0.9419333934783936,0,0,586,479
2025-09-11 16:09:04,person,0.9328272938728333,0,0,590,479
2025-09-11 16:09:04,person,0.42091476917266846,0,44,158,480
2025-09-11 16:09:04,person,0.9273271560668945,0,0,595,479
2025-09-11 16:09:04,person,0.41129204630851746,0,46,159,479
2025-09-11 16:09:04,person,0.9260370135307312,0,0,595,479
2025-09-11 16:09:04,person,0.2927981913089752,0,56,164,477
2025-09-11 16:09:04,person,0.914419949054718,0,0,594,479
2025-09-11 16:09:04,person,0.4931865334510803,0,48,160,480
2025-09-11 16:09:05,person,0.8219190835952759,0,13,562,479
2025-09-11 16:09:05,person,0.7995448112487793,0,84,164,478
2025-09-11 16:09:05,person,0.8604046702384949,2,87,491,480
2025-09-11 16:09:05,person,0.649615466594696,0,114,427,479
2025-09-11 16:09:05,person,0.6364509463310242,469,17,639,478
2025-09-11 16:09:05,person,0.8041930198669434,445,16,639,478
2025-09-11 16:09:05,person,0.7512091398239136,0,125,407,479
2025-09-11 16:09:05,person,0.8476623892784119,0,147,258,479
2025-09-11 16:09:05,person,0.5034829378128052,352,90,639,479
2025-09-11 16:09:05,person,0.38796931505203247,417,40,639,475
2025-09-11 16:09:05,person,0.7257600426673889,0,151,237,479
2025-09-11 16:09:05,person,0.46842023730278015,338,157,639,479
2025-09-11 16:09:05,cat,0.4310592710971832,333,113,640,479
2025-09-11 16:09:05,person,0.2623370289802551,395,47,639,468
2025-09-11 16:09:05,person,0.5570844411849976,319,57,639,479
2025-09-11 16:09:05,person,0.4297136962413788,280,155,638,479
2025-09-11 16:09:05,person,0.41116490960121155,0,171,178,479
2025-09-11 16:09:05,person,0.3756035566329956,0,169,177,479
2025-09-11 16:09:05,person,0.351772278547287,0,171,180,479
2025-09-11 16:09:05,cat,0.3416452407836914,0,172,177,478
2025-09-11 16:09:05,person,0.3167611360549927,0,171,180,479
2025-09-11 16:09:05,person,0.27619853615760803,0,170,178,479
2025-09-11 16:09:05,person,0.6520977020263672,0,203,120,479
2025-09-11 16:09:05,person,0.4855538010597229,261,100,636,479
2025-09-11 16:09:05,person,0.41968396306037903,0,247,77,480
2025-09-11 16:09:05,person,0.37703561782836914,186,147,571,480
2025-09-11 16:09:05,mouse,0.336870014667511,301,150,574,379
2025-09-11 16:09:05,person,0.667859673500061,141,13,565,479
2025-09-11 16:09:06,person,0.667859673500061,141,13,565,479
2025-09-11 16:09:06,person,0.7959296107292175,154,7,575,478
2025-09-11 16:09:06,person,0.8348132967948914,174,5,636,479
2025-09-11 16:09:06,person,0.7934635877609253,169,17,636,480
2025-09-11 16:09:06,person,0.8593575358390808,151,7,637,479
2025-09-11 16:09:06,person,0.7735405564308167,161,8,630,478
2025-09-11 16:09:06,person,0.4424598515033722,0,187,66,479
2025-09-11 16:09:06,person,0.28053274750709534,0,415,64,479
2025-09-11 16:09:06,person,0.8306435942649841,155,14,637,479
2025-09-11 16:09:06,person,0.31541115045547485,0,193,62,479
2025-09-11 16:09:06,person,0.8149952292442322,130,11,638,479
2025-09-11 16:09:06,person,0.8199804425239563,151,10,638,478
2025-09-11 16:09:06,person,0.806361973285675,150,13,638,478
2025-09-11 16:09:06,person,0.7802367210388184,159,21,638,478
2025-09-11 16:09:07,person,0.8092352151870728,171,10,637,477
2025-09-11 16:09:07,person,0.8147199749946594,144,16,637,478
2025-09-11 16:09:07,person,0.8558639287948608,165,16,638,478
2025-09-11 16:09:07,person,0.8780337572097778,147,11,637,478
2025-09-11 16:09:07,person,0.8456434607505798,128,12,638,478
2025-09-11 16:09:07,person,0.8387961983680725,139,15,639,478
2025-09-11 16:09:07,person,0.880528450012207,141,22,639,478
2025-09-11 16:09:07,person,0.8466572165489197,122,16,640,479
2025-09-11 16:09:07,person,0.8850555419921875,120,12,639,478
2025-09-11 16:09:07,person,0.8758957982063293,67,3,639,477
2025-09-11 16:09:08,person,0.8774735927581787,115,5,639,478
2025-09-11 16:09:08,person,0.8548373579978943,88,4,639,477
2025-09-11 16:09:08,person,0.835029661655426,72,4,638,478
2025-09-11 16:09:08,person,0.8876792788505554,112,27,639,477
2025-09-11 16:09:08,person,0.9084925651550293,122,25,639,477
2025-09-11 16:09:08,person,0.9008614420890808,135,31,639,477
2025-09-11 16:09:08,person,0.8758440017700195,143,27,639,477
2025-09-11 16:09:08,person,0.8663427233695984,108,25,639,477
2025-09-11 16:09:08,person,0.8170980215072632,147,19,639,477
2025-09-11 16:09:08,person,0.7970935702323914,151,23,640,478
2025-09-11 16:09:08,person,0.5008753538131714,134,17,638,479
2025-09-11 16:09:09,person,0.5372852683067322,147,17,637,478
2025-09-11 16:09:09,person,0.5802220106124878,225,28,639,479
2025-09-11 16:09:09,person,0.5424322485923767,0,129,122,478
2025-09-11 16:09:09,person,0.38357117772102356,28,18,638,479
2025-09-11 16:09:09,person,0.7592251300811768,445,100,639,475
2025-09-11 16:09:09,person,0.43860554695129395,0,147,184,478
2025-09-11 16:09:09,person,0.7326430678367615,0,148,206,478
2025-09-11 16:09:09,person,0.5890558958053589,462,105,639,477
2025-09-11 16:09:09,person,0.6617542505264282,0,75,251,479
2025-09-11 16:09:09,person,0.5200381875038147,357,72,639,479
2025-09-11 16:09:09,person,0.6812041401863098,0,49,287,479
2025-09-11 16:09:09,person,0.5820598602294922,342,51,639,478
2025-09-11 16:09:09,person,0.7656378149986267,0,0,315,478
2025-09-11 16:09:09,cat,0.522345781326294,359,30,639,479
2025-09-11 16:09:09,cat,0.2761513590812683,364,176,639,479
2025-09-11 16:09:09,person,0.6749802827835083,0,0,357,479
2025-09-11 16:09:09,person,0.3001801371574402,4,1,639,478
2025-09-11 16:09:09,person,0.6876641511917114,0,0,360,479
2025-09-11 16:09:09,person,0.5535544753074646,2,0,640,479
2025-09-11 16:09:09,person,0.5600907206535339,3,0,640,479
2025-09-11 16:09:09,person,0.43193650245666504,0,1,375,479
2025-09-11 16:09:09,person,0.265703409910202,409,354,639,479
2025-09-11 16:09:09,person,0.5183139443397522,1,1,390,479
2025-09-11 16:09:09,person,0.4503515362739563,2,0,640,480
2025-09-11 16:09:09,person,0.379937082529068,408,344,639,479
2025-09-11 16:09:10,person,0.7172493934631348,4,1,400,479
2025-09-11 16:09:10,chair,0.2740478217601776,399,301,639,479
2025-09-11 16:09:10,person,0.7294127941131592,1,0,409,480
2025-09-11 16:09:10,person,0.34846311807632446,405,303,639,479
2025-09-11 16:09:10,person,0.6887779831886292,14,0,415,479
2025-09-11 16:09:10,person,0.301845520734787,410,316,639,479
2025-09-11 16:09:10,person,0.6949858069419861,17,0,416,478
2025-09-11 16:09:10,person,0.4649488031864166,411,317,639,479
2025-09-11 16:09:10,person,0.815147876739502,2,0,414,480
2025-09-11 16:09:10,person,0.5522204041481018,412,318,639,479
2025-09-11 16:09:10,person,0.8275726437568665,1,0,415,479
2025-09-11 16:09:10,person,0.2909228801727295,418,322,639,479
2025-09-11 16:09:10,person,0.7898872494697571,1,0,414,480
2025-09-11 16:09:10,person,0.42390188574790955,417,323,639,479
2025-09-11 16:09:10,person,0.8094456195831299,0,0,419,480
2025-09-11 16:09:10,person,0.39638856053352356,417,324,639,479
2025-09-11 16:09:10,chair,0.2642979323863983,416,324,639,478
2025-09-11 16:09:10,person,0.8192048668861389,1,0,416,480
2025-09-11 16:09:10,person,0.38415083289146423,420,323,639,479
2025-09-11 16:09:10,person,0.8584573268890381,0,0,416,480
2025-09-11 16:09:10,person,0.5041874647140503,417,323,639,479
2025-09-11 16:09:11,person,0.7130784392356873,1,0,418,479
2025-09-11 16:09:11,person,0.5703766942024231,421,324,639,479
2025-09-11 16:09:11,person,0.803244948387146,0,0,419,479
2025-09-11 16:09:11,person,0.45535218715667725,421,325,639,479
2025-09-11 16:09:11,person,0.8439825773239136,2,0,420,479
2025-09-11 16:09:11,person,0.5927227139472961,422,326,639,479
2025-09-11 16:09:11,person,0.8334020972251892,1,0,418,479
2025-09-11 16:09:11,person,0.40346089005470276,421,326,639,479
2025-09-11 16:09:11,person,0.7811824083328247,2,0,417,479
2025-09-11 16:09:11,person,0.4735892117023468,421,326,639,479
2025-09-11 16:09:11,person,0.8384573459625244,0,0,418,479
2025-09-11 16:09:11,person,0.47904327511787415,422,327,639,479
2025-09-11 16:09:11,person,0.8296083211898804,1,0,416,479
2025-09-11 16:09:11,person,0.5227353572845459,421,327,639,479
2025-09-11 16:09:11,person,0.7659129500389099,1,0,419,479
2025-09-11 16:09:11,person,0.400796502828598,422,328,639,479
2025-09-11 16:09:11,person,0.621340811252594,0,0,400,478
2025-09-11 16:09:11,person,0.3786435127258301,421,329,639,479
2025-09-11 16:09:11,person,0.6888134479522705,0,7,421,478
2025-09-11 16:09:11,person,0.40210676193237305,421,329,639,479
2025-09-11 16:09:11,person,0.2823542654514313,1,1,634,479
2025-09-11 16:09:12,person,0.8300567269325256,1,0,421,479
2025-09-11 16:09:12,person,0.37730762362480164,421,329,639,479
2025-09-11 16:09:12,person,0.7706491351127625,0,2,424,479
2025-09-11 16:09:12,person,0.3471338748931885,421,330,639,479
2025-09-11 16:09:12,chair,0.2593722641468048,420,329,639,478
2025-09-11 16:09:12,person,0.8137074708938599,1,1,419,478
2025-09-11 16:09:12,person,0.4341762363910675,422,332,639,479
2025-09-11 16:09:12,person,0.8301768898963928,1,3,420,479
2025-09-11 16:09:12,person,0.4286247491836548,423,329,639,479
2025-09-11 16:09:12,person,0.8306277990341187,1,1,419,479
2025-09-11 16:09:12,person,0.47354942560195923,422,329,639,479
2025-09-11 16:09:12,person,0.82489013671875,0,0,418,479
2025-09-11 16:09:12,person,0.3366406261920929,421,329,639,479
2025-09-11 16:09:12,person,0.7008578181266785,2,0,417,480
2025-09-11 16:09:12,person,0.5385099649429321,421,332,639,479
2025-09-11 16:09:12,person,0.7863789200782776,0,0,418,480
2025-09-11 16:09:12,person,0.3881933093070984,421,332,639,479
2025-09-11 16:09:12,person,0.8656709790229797,0,0,418,479
2025-09-11 16:09:12,person,0.4275916814804077,422,336,639,479
2025-09-11 16:09:12,person,0.8454315662384033,0,0,417,480
2025-09-11 16:09:12,person,0.35773855447769165,420,335,639,479
2025-09-11 16:09:12,person,0.8147022724151611,1,0,417,479
2025-09-11 16:09:12,person,0.33709099888801575,422,334,639,479
2025-09-11 16:09:13,person,0.8608261346817017,0,0,419,480
2025-09-11 16:09:13,person,0.3390212655067444,422,335,639,479
2025-09-11 16:09:13,person,0.8612789511680603,0,0,418,479
2025-09-11 16:09:13,person,0.3169996738433838,422,335,639,479
2025-09-11 16:09:13,person,0.8603854775428772,1,0,419,479
2025-09-11 16:09:13,person,0.378749817609787,422,335,639,479
2025-09-11 16:09:13,person,0.8538504242897034,0,0,418,480
2025-09-11 16:09:13,person,0.43638163805007935,422,336,638,479
2025-09-11 16:09:13,person,0.8493510484695435,3,0,417,480
2025-09-11 16:09:13,person,0.39370352029800415,421,335,639,479
2025-09-11 16:09:13,person,0.8336045742034912,1,0,420,480
2025-09-11 16:09:13,person,0.39446306228637695,421,335,638,479
2025-09-11 16:09:13,person,0.846267580986023,2,0,418,479
2025-09-11 16:09:13,person,0.36429449915885925,422,335,639,479
2025-09-11 16:09:13,person,0.853489100933075,1,0,421,480
2025-09-11 16:09:13,person,0.41162756085395813,421,336,639,479
2025-09-11 16:09:13,person,0.8314703702926636,1,0,419,479
2025-09-11 16:09:13,person,0.39977145195007324,421,337,638,479
2025-09-11 16:09:13,person,0.8765615224838257,0,0,421,479
2025-09-11 16:09:13,person,0.43894556164741516,422,337,639,479
2025-09-11 16:09:13,person,0.8522151708602905,2,0,422,478
2025-09-11 16:09:13,person,0.3580358922481537,423,338,639,479
2025-09-11 16:09:14,person,0.8634306788444519,2,0,420,478
2025-09-11 16:09:14,person,0.41219276189804077,423,338,638,479
2025-09-11 16:09:14,person,0.8434622287750244,2,0,419,478
2025-09-11 16:09:14,person,0.458187460899353,424,339,638,479
2025-09-11 16:09:14,person,0.8606076836585999,2,0,418,478
2025-09-11 16:09:14,person,0.3793655037879944,424,339,639,479
2025-09-11 16:09:14,person,0.8732545375823975,2,1,417,479
2025-09-11 16:09:14,person,0.37301915884017944,424,338,639,479
2025-09-11 16:09:14,person,0.8821687698364258,0,1,418,478
2025-09-11 16:09:14,person,0.3980732560157776,423,339,639,479
2025-09-11 16:09:14,person,0.872032642364502,0,1,417,479
2025-09-11 16:09:14,person,0.417780339717865,425,339,639,479
2025-09-11 16:09:14,clock,0.41037145256996155,67,233,145,310
2025-09-11 16:09:14,person,0.8254055976867676,3,0,419,479
2025-09-11 16:09:14,person,0.3825241029262543,426,340,639,479
2025-09-11 16:09:14,person,0.8282516598701477,2,0,419,480
2025-09-11 16:09:14,person,0.4246181845664978,424,340,639,479
2025-09-11 16:09:14,person,0.8784000277519226,0,1,419,478
2025-09-11 16:09:14,person,0.38244450092315674,427,341,639,479
2025-09-11 16:09:14,person,0.8551170825958252,0,1,419,479
2025-09-11 16:09:14,person,0.37281689047813416,426,341,639,479
2025-09-11 16:09:14,person,0.8494481444358826,0,0,419,478
2025-09-11 16:09:14,person,0.42951101064682007,425,341,639,479
2025-09-11 16:09:15,person,0.86710125207901,1,0,420,479
2025-09-11 16:09:15,person,0.4392127990722656,425,341,638,479
2025-09-11 16:09:15,person,0.8754463791847229,1,0,419,479
2025-09-11 16:09:15,person,0.3798876702785492,424,341,638,479
2025-09-11 16:09:15,person,0.8627395033836365,0,0,419,479
2025-09-11 16:09:15,person,0.4344109296798706,425,341,639,479
2025-09-11 16:09:15,person,0.8749196529388428,0,0,419,478
2025-09-11 16:09:15,person,0.4653843641281128,424,341,639,479
2025-09-11 16:09:15,person,0.8596252799034119,0,0,420,479
2025-09-11 16:09:15,person,0.43240034580230713,426,340,639,479
2025-09-11 16:09:15,person,0.8391713500022888,0,0,419,479
2025-09-11 16:09:15,person,0.48186442255973816,427,341,639,479
2025-09-11 16:09:15,person,0.8555662631988525,0,0,420,479
2025-09-11 16:09:15,person,0.4767026901245117,426,339,639,479
2025-09-11 16:09:15,person,0.8443400859832764,0,0,419,479
2025-09-11 16:09:15,person,0.3912075161933899,429,343,639,479
2025-09-11 16:09:15,person,0.863077700138092,0,0,419,479
2025-09-11 16:09:15,person,0.47235122323036194,427,340,639,479
2025-09-11 16:09:15,person,0.8713619112968445,0,0,418,479
2025-09-11 16:09:15,person,0.40925246477127075,425,340,639,479
2025-09-11 16:09:16,person,0.8672801852226257,0,1,414,479
2025-09-11 16:09:16,person,0.4412732422351837,423,341,638,479
2025-09-11 16:09:16,person,0.8743375539779663,0,0,417,478
2025-09-11 16:09:16,person,0.4054736793041229,426,341,639,479
2025-09-11 16:09:16,person,0.875056266784668,0,0,419,479
2025-09-11 16:09:16,person,0.39947575330734253,425,339,639,479
2025-09-11 16:09:16,clock,0.3714851140975952,94,267,173,350
2025-09-11 16:09:16,person,0.8739186525344849,0,0,420,479
2025-09-11 16:09:16,person,0.443792462348938,424,339,639,479
2025-09-11 16:09:16,clock,0.35356393456459045,93,267,171,349
2025-09-11 16:09:16,person,0.8803850412368774,0,0,419,479
2025-09-11 16:09:16,person,0.38652941584587097,424,339,639,479
2025-09-11 16:09:16,person,0.8723304867744446,0,1,421,478
2025-09-11 16:09:16,person,0.42371195554733276,427,341,639,479
2025-09-11 16:09:16,person,0.8699862360954285,0,0,419,479
2025-09-11 16:09:16,person,0.4379677474498749,427,340,639,479
2025-09-11 16:09:16,person,0.8739402294158936,0,0,418,479
2025-09-11 16:09:16,person,0.42999738454818726,427,341,639,479
2025-09-11 16:09:16,person,0.8697894811630249,0,1,420,479
2025-09-11 16:09:16,person,0.43364962935447693,427,342,638,479
2025-09-11 16:09:16,person,0.9014031291007996,0,0,418,479
2025-09-11 16:09:16,person,0.4059341847896576,428,341,639,479
2025-09-11 16:09:16,person,0.8942049145698547,0,1,420,479
2025-09-11 16:09:16,person,0.4440051019191742,429,341,639,479
2025-09-11 16:09:17,person,0.8811725974082947,0,1,420,479
2025-09-11 16:09:17,person,0.4303470253944397,428,341,639,479
2025-09-11 16:09:17,clock,0.306666761636734,91,268,184,356
2025-09-11 16:09:17,person,0.8848104476928711,0,1,420,479
2025-09-11 16:09:17,person,0.4408431053161621,429,343,639,479
2025-09-11 16:09:17,person,0.8644577264785767,0,1,420,479
2025-09-11 16:09:17,person,0.4079105257987976,431,348,639,479
2025-09-11 16:09:17,clock,0.3522180914878845,89,270,222,367
2025-09-11 16:09:17,person,0.8763571381568909,0,1,422,478
2025-09-11 16:09:17,person,0.39436474442481995,432,347,639,479
2025-09-11 16:09:17,person,0.8573558330535889,0,0,420,479
2025-09-11 16:09:17,clock,0.4897482693195343,96,299,177,373
2025-09-11 16:09:17,person,0.4494854211807251,425,343,638,479
2025-09-11 16:09:17,person,0.8602160215377808,0,0,422,479
2025-09-11 16:09:17,person,0.4989382028579712,430,346,639,479
2025-09-11 16:09:17,clock,0.34918591380119324,91,287,218,381
2025-09-11 16:09:17,person,0.861240804195404,0,0,409,479
2025-09-11 16:09:17,person,0.38374215364456177,431,346,639,479
2025-09-11 16:09:17,clock,0.33456969261169434,93,287,223,382
2025-09-11 16:09:17,person,0.8705994486808777,0,0,420,479
2025-09-11 16:09:17,person,0.49456536769866943,432,348,639,479
2025-09-11 16:09:17,clock,0.3818688690662384,95,290,219,384
2025-09-11 16:09:17,person,0.8706910610198975,0,0,420,479
2025-09-11 16:09:17,person,0.5447958707809448,431,348,639,479
2025-09-11 16:09:17,clock,0.37338054180145264,95,289,219,384
2025-09-11 16:09:17,person,0.8919757008552551,0,0,421,478
2025-09-11 16:09:17,person,0.5493067502975464,431,347,639,479
2025-09-11 16:09:18,person,0.8349584341049194,0,0,422,479
2025-09-11 16:09:18,person,0.5047490000724792,431,349,639,479
2025-09-11 16:09:18,person,0.8622745871543884,0,0,421,479
2025-09-11 16:09:18,person,0.4841381311416626,433,349,639,479
2025-09-11 16:09:18,person,0.803917646408081,0,0,409,478
2025-09-11 16:09:18,person,0.3296624422073364,419,344,639,479
2025-09-11 16:09:18,person,0.8386265635490417,0,0,400,478
2025-09-11 16:09:18,person,0.33197319507598877,1,0,638,478
2025-09-11 16:09:18,person,0.3195898234844208,0,20,358,478
2025-09-11 16:09:18,person,0.5207154750823975,0,0,639,479
2025-09-11 16:09:18,person,0.38304248452186584,0,0,234,478
2025-09-11 16:09:18,person,0.3306238055229187,267,1,638,479
2025-09-11 16:09:18,cat,0.290603905916214,263,0,639,479
2025-09-11 16:09:18,person,0.28706246614456177,445,0,639,304
2025-09-11 16:09:18,person,0.5120816826820374,185,32,638,479
2025-09-11 16:09:18,cat,0.3967987596988678,188,34,638,478
2025-09-11 16:09:18,person,0.3787779211997986,4,14,636,478
2025-09-11 16:09:18,cat,0.4667823016643524,168,101,639,479
2025-09-11 16:09:18,person,0.3150859475135803,167,101,640,479
2025-09-11 16:09:18,person,0.47265833616256714,162,92,632,479
2025-09-11 16:09:18,cat,0.2872385084629059,163,88,637,479
2025-09-11 16:09:18,person,0.8533490300178528,142,101,640,479
2025-09-11 16:09:19,person,0.8155683875083923,122,92,640,479
2025-09-11 16:09:19,person,0.8447335362434387,102,88,639,479
2025-09-11 16:09:19,person,0.8145724534988403,93,89,638,479
2025-09-11 16:09:19,person,0.8293361067771912,88,88,638,479
2025-09-11 16:09:19,person,0.7972019910812378,100,67,637,479
2025-09-11 16:09:19,person,0.7938068509101868,104,77,636,479
2025-09-11 16:09:19,person,0.8054042458534241,78,88,634,480
2025-09-11 16:09:19,person,0.8054042458534241,78,88,634,480
2025-09-11 16:09:19,person,0.755661129951477,91,103,634,479
2025-09-11 16:09:19,person,0.8091592192649841,83,97,633,480
2025-09-11 16:09:19,person,0.8299323916435242,110,77,638,480
2025-09-11 16:09:20,person,0.7718116044998169,99,77,637,479
2025-09-11 16:09:20,person,0.8235836625099182,95,68,638,479
2025-09-11 16:09:20,person,0.7860980033874512,101,60,639,479
2025-09-11 16:09:20,person,0.8258074522018433,98,82,639,479
2025-09-11 16:09:20,person,0.7967556118965149,99,85,638,479
2025-09-11 16:09:20,person,0.8179437518119812,104,91,639,479
2025-09-11 16:09:20,person,0.8216177821159363,104,100,640,479
2025-09-11 16:09:20,person,0.8514162302017212,106,99,639,479
2025-09-11 16:09:20,person,0.8459200859069824,148,110,640,479
2025-09-11 16:09:20,person,0.8733741044998169,149,114,640,479
2025-09-11 16:09:20,person,0.8510229587554932,149,118,640,479
2025-09-11 16:09:21,person,0.8290981650352478,150,120,639,479
2025-09-11 16:09:21,person,0.7830877304077148,146,120,639,479
2025-09-11 16:09:21,person,0.8003109693527222,136,113,639,479
2025-09-11 16:09:21,person,0.8183678984642029,133,113,639,479
2025-09-11 16:09:21,person,0.8180976510047913,139,111,639,479
2025-09-11 16:09:21,person,0.8280072212219238,141,108,639,479
2025-09-11 16:09:21,person,0.8152175545692444,140,106,639,479
2025-09-11 16:09:21,person,0.8073785305023193,134,106,639,479
2025-09-11 16:09:21,person,0.8146716356277466,127,105,640,479
2025-09-11 16:09:21,person,0.772560715675354,129,106,638,479
2025-09-11 16:09:21,person,0.795809805393219,133,106,638,479
2025-09-11 16:09:22,person,0.7433282732963562,136,105,639,479
2025-09-11 16:09:22,person,0.8103811144828796,134,102,639,479
2025-09-11 16:09:22,person,0.8195978999137878,137,106,640,479
2025-09-11 16:09:22,person,0.8238801956176758,137,105,639,479
2025-09-11 16:09:22,person,0.8121957778930664,130,103,639,479
2025-09-11 16:09:22,person,0.8258877396583557,132,105,639,479
2025-09-11 16:09:22,person,0.8134768009185791,129,105,640,479
2025-09-11 16:09:22,person,0.8091132640838623,136,105,640,479
2025-09-11 16:09:22,person,0.8044391870498657,134,101,640,479
2025-09-11 16:09:22,person,0.8376367688179016,134,102,640,479
2025-09-11 16:09:22,person,0.8840360045433044,133,102,640,479
2025-09-11 16:09:22,person,0.8416067361831665,170,118,639,479
2025-09-11 16:09:23,person,0.844007134437561,149,114,639,479
2025-09-11 16:09:23,person,0.7866511344909668,146,102,639,478
2025-09-11 16:09:23,person,0.8003908395767212,151,110,638,479
2025-09-11 16:09:23,person,0.8315352201461792,151,111,638,479
2025-09-11 16:09:23,person,0.8603051900863647,150,119,637,478
2025-09-11 16:09:23,person,0.8598231077194214,150,116,637,479
2025-09-11 16:09:23,person,0.87828528881073,148,121,637,479
2025-09-11 16:09:23,person,0.8441687822341919,134,111,639,479
2025-09-11 16:09:23,person,0.8398284316062927,132,120,637,479
2025-09-11 16:09:23,person,0.8184554576873779,123,121,635,480
2025-09-11 16:09:24,person,0.7167355418205261,116,126,625,480
2025-09-11 16:09:24,person,0.8145003914833069,118,128,630,480
2025-09-11 16:09:24,person,0.8722047805786133,119,123,634,479
2025-09-11 16:09:24,person,0.8873692154884338,121,120,630,479
2025-09-11 16:09:24,person,0.7938137054443359,125,124,615,479
2025-09-11 16:09:24,person,0.8007969856262207,140,104,617,479
2025-09-11 16:09:24,person,0.8646539449691772,144,109,619,479
2025-09-11 16:09:24,person,0.8391588926315308,128,98,619,479
2025-09-11 16:09:24,person,0.8388261795043945,129,99,616,478
2025-09-11 16:09:24,person,0.8450329899787903,124,97,614,479
2025-09-11 16:09:24,person,0.8297881484031677,122,94,611,479
2025-09-11 16:09:25,person,0.8272048234939575,111,90,612,479
2025-09-11 16:09:25,person,0.8276786804199219,117,76,617,479
2025-09-11 16:09:25,person,0.7956656813621521,117,69,613,479
2025-09-11 16:09:25,person,0.7466341853141785,109,81,612,479
2025-09-11 16:09:25,person,0.8350058197975159,92,49,615,479
2025-09-11 16:09:25,person,0.8105309009552002,105,34,608,479
2025-09-11 16:09:25,person,0.8477420806884766,103,65,612,478
2025-09-11 16:09:25,person,0.8610130548477173,90,54,614,479
2025-09-11 16:09:25,person,0.8692160248756409,91,49,615,479
2025-09-11 16:09:25,person,0.8223321437835693,97,61,610,479
2025-09-11 16:09:26,person,0.8597857356071472,110,48,613,479
2025-09-11 16:09:26,person,0.8373684287071228,101,46,613,479
2025-09-11 16:09:26,person,0.8621400594711304,96,50,616,479
2025-09-11 16:09:26,person,0.8594663143157959,89,47,616,479
2025-09-11 16:09:26,person,0.8288826942443848,96,42,618,479
2025-09-11 16:09:26,person,0.8412092924118042,101,45,615,479
2025-09-11 16:09:26,person,0.8673184514045715,95,45,620,479
2025-09-11 16:09:26,person,0.8467196226119995,96,41,616,479
2025-09-11 16:09:27,person,0.8467515110969543,89,44,616,479
2025-09-11 16:09:27,person,0.8412379622459412,90,46,618,479
2025-09-11 16:09:27,person,0.8327768445014954,96,44,618,479
2025-09-11 16:09:27,person,0.8650848865509033,92,47,620,479
2025-09-11 16:09:27,person,0.8506743907928467,79,44,619,479
2025-09-11 16:09:27,person,0.8752148747444153,77,45,623,479
2025-09-11 16:09:27,person,0.8787103891372681,97,51,612,478
2025-09-11 16:09:27,person,0.8444433212280273,112,61,612,479
2025-09-11 16:09:27,person,0.8975335359573364,77,51,615,479
2025-09-11 16:09:27,person,0.8755037784576416,68,42,610,479
